--------------------------------------------------------
--  File created - Tuesday-October-03-2017   
--------------------------------------------------------


Insert into IBANK.CODE (ID,DEL_FLAG,DELETED_ON,VERSION,CODE,DESCRIPTION,EXTRA_INFO,TYPE) values (457,'N',null,0,'CAA','Current',null,'ACCOUNT_CLASS');
Insert into IBANK.CODE (ID,DEL_FLAG,DELETED_ON,VERSION,CODE,DESCRIPTION,EXTRA_INFO,TYPE) values (130,'N',null,0,'USD','US Dollars','&#36;','CURRENCY');
Insert into IBANK.CODE (ID,DEL_FLAG,DELETED_ON,VERSION,CODE,DESCRIPTION,EXTRA_INFO,TYPE) values (3111,'N',null,0,'what is the name of your first car?','Security Question 1',null,'SECURITY_QUESTION');
Insert into IBANK.CODE (ID,DEL_FLAG,DELETED_ON,VERSION,CODE,DESCRIPTION,EXTRA_INFO,TYPE) values (3116,'N',null,0,'what is the name of your primary school?','Security Question 6',null,'SECURITY_QUESTION');
Insert into IBANK.CODE (ID,DEL_FLAG,DELETED_ON,VERSION,CODE,DESCRIPTION,EXTRA_INFO,TYPE) values (3113,'N',null,0,'what is your favourite food?','Security Question 3',null,'SECURITY_QUESTION');
Insert into IBANK.CODE (ID,DEL_FLAG,DELETED_ON,VERSION,CODE,DESCRIPTION,EXTRA_INFO,TYPE) values (3112,'N',null,0,'what is your mothers maiden name?','Security Question 2',null,'SECURITY_QUESTION');
Insert into IBANK.CODE (ID,DEL_FLAG,DELETED_ON,VERSION,CODE,DESCRIPTION,EXTRA_INFO,TYPE) values (3114,'N',null,0,'what town did you grow up?','Security Question 4',null,'SECURITY_QUESTION');
Insert into IBANK.CODE (ID,DEL_FLAG,DELETED_ON,VERSION,CODE,DESCRIPTION,EXTRA_INFO,TYPE) values (3115,'N',null,0,'what was your first job?','Security Question 5',null,'SECURITY_QUESTION');
Insert into IBANK.CODE (ID,DEL_FLAG,DELETED_ON,VERSION,CODE,DESCRIPTION,EXTRA_INFO,TYPE) values (2529,'N',null,0,'C','Credit Only',null,'ACCOUNT_RESTRICTION');
Insert into IBANK.CODE (ID,DEL_FLAG,DELETED_ON,VERSION,CODE,DESCRIPTION,EXTRA_INFO,TYPE) values (2532,'N',null,0,'D','Debit Only',null,'ACCOUNT_RESTRICTION');
Insert into IBANK.CODE (ID,DEL_FLAG,DELETED_ON,VERSION,CODE,DESCRIPTION,EXTRA_INFO,TYPE) values (2535,'N',null,0,'V','View Only',null,'ACCOUNT_RESTRICTION');
Insert into IBANK.CODE (ID,DEL_FLAG,DELETED_ON,VERSION,CODE,DESCRIPTION,EXTRA_INFO,TYPE) values (108,'N',null,3,'NUMBER','Number',null,'SERVICE_REQUEST');
Insert into IBANK.CODE (ID,DEL_FLAG,DELETED_ON,VERSION,CODE,DESCRIPTION,EXTRA_INFO,TYPE) values (1,'N',null,0,'TEXT','Text',null,'SERVICE_REQUEST');
Insert into IBANK.CODE (ID,DEL_FLAG,DELETED_ON,VERSION,CODE,DESCRIPTION,EXTRA_INFO,TYPE) values (2,'N',null,3,'ACCT','Account',null,'SERVICE_REQUEST');
Insert into IBANK.CODE (ID,DEL_FLAG,DELETED_ON,VERSION,CODE,DESCRIPTION,EXTRA_INFO,TYPE) values (3,'N',null,0,'DATE','Date',null,'SERVICE_REQUEST');
Insert into IBANK.CODE (ID,DEL_FLAG,DELETED_ON,VERSION,CODE,DESCRIPTION,EXTRA_INFO,TYPE) values (5,'N',null,0,'LIST','Fixed List',null,'SERVICE_REQUEST');
Insert into IBANK.CODE (ID,DEL_FLAG,DELETED_ON,VERSION,CODE,DESCRIPTION,EXTRA_INFO,TYPE) values (9,'N',null,0,'REQ','Request',null,'REQUEST_TYPE');
Insert into IBANK.CODE (ID,DEL_FLAG,DELETED_ON,VERSION,CODE,DESCRIPTION,EXTRA_INFO,TYPE) values (10,'N',null,0,'COMPL','Issue',null,'REQUEST_TYPE');
Insert into IBANK.CODE (ID,DEL_FLAG,DELETED_ON,VERSION,CODE,DESCRIPTION,EXTRA_INFO,TYPE) values (11,'N',null,0,'CONTR','Control',null,'UNIT');
Insert into IBANK.CODE (ID,DEL_FLAG,DELETED_ON,VERSION,CODE,DESCRIPTION,EXTRA_INFO,TYPE) values (12,'N',null,0,'OPS','Operations',null,'UNIT');
Insert into IBANK.CODE (ID,DEL_FLAG,DELETED_ON,VERSION,CODE,DESCRIPTION,EXTRA_INFO,TYPE) values (13,'N',null,0,'CS','Customer Service',null,'UNIT');
Insert into IBANK.CODE (ID,DEL_FLAG,DELETED_ON,VERSION,CODE,DESCRIPTION,EXTRA_INFO,TYPE) values (19,'N',null,0,'S','Submitted',null,'REQUEST_STATUS');
Insert into IBANK.CODE (ID,DEL_FLAG,DELETED_ON,VERSION,CODE,DESCRIPTION,EXTRA_INFO,TYPE) values (20,'N',null,0,'PG','Pending',null,'REQUEST_STATUS');
Insert into IBANK.CODE (ID,DEL_FLAG,DELETED_ON,VERSION,CODE,DESCRIPTION,EXTRA_INFO,TYPE) values (21,'N',null,0,'R','Resolved',null,'REQUEST_STATUS');
Insert into IBANK.CODE (ID,DEL_FLAG,DELETED_ON,VERSION,CODE,DESCRIPTION,EXTRA_INFO,TYPE) values (22,'N',null,0,'T','Treated',null,'REQUEST_STATUS');
Insert into IBANK.CODE (ID,DEL_FLAG,DELETED_ON,VERSION,CODE,DESCRIPTION,EXTRA_INFO,TYPE) values (23,'N',null,0,'C','Collected',null,'REQUEST_STATUS');
Insert into IBANK.CODE (ID,DEL_FLAG,DELETED_ON,VERSION,CODE,DESCRIPTION,EXTRA_INFO,TYPE) values (24,'N',null,0,'NIP','NIP',null,'TRANSFER_CHANNEL');
Insert into IBANK.CODE (ID,DEL_FLAG,DELETED_ON,VERSION,CODE,DESCRIPTION,EXTRA_INFO,TYPE) values (25,'N',null,0,'NAPS','NAPS',null,'TRANSFER_CHANNEL');
Insert into IBANK.CODE (ID,DEL_FLAG,DELETED_ON,VERSION,CODE,DESCRIPTION,EXTRA_INFO,TYPE) values (26,'N',null,0,'RTGS','RTGS',null,'TRANSFER_CHANNEL');
Insert into IBANK.CODE (ID,DEL_FLAG,DELETED_ON,VERSION,CODE,DESCRIPTION,EXTRA_INFO,TYPE) values (27,'N',null,0,'CMB','CMB',null,'TRANSFER_CHANNEL');
Insert into IBANK.CODE (ID,DEL_FLAG,DELETED_ON,VERSION,CODE,DESCRIPTION,EXTRA_INFO,TYPE) values (28,'N',null,0,'NGN','Naira','&#8358;','CURRENCY');
Insert into IBANK.CODE (ID,DEL_FLAG,DELETED_ON,VERSION,CODE,DESCRIPTION,EXTRA_INFO,TYPE) values (31,'N',null,0,'D','Daily',null,'FREQUENCY');
Insert into IBANK.CODE (ID,DEL_FLAG,DELETED_ON,VERSION,CODE,DESCRIPTION,EXTRA_INFO,TYPE) values (37,'N',null,0,'SBA','Savings',null,'ACCOUNT_CLASS');
Insert into IBANK.CODE (ID,DEL_FLAG,DELETED_ON,VERSION,CODE,DESCRIPTION,EXTRA_INFO,TYPE) values (38,'N',null,0,'ODA','Current',null,'ACCOUNT_CLASS');
Insert into IBANK.CODE (ID,DEL_FLAG,DELETED_ON,VERSION,CODE,DESCRIPTION,EXTRA_INFO,TYPE) values (39,'N',null,1,'ASC','Account Scheme Code',null,'RESTRICTION_TYPE');
Insert into IBANK.CODE (ID,DEL_FLAG,DELETED_ON,VERSION,CODE,DESCRIPTION,EXTRA_INFO,TYPE) values (41,'N',null,1,'ACC','Account Number',null,'RESTRICTION_TYPE');
Insert into IBANK.CODE (ID,DEL_FLAG,DELETED_ON,VERSION,CODE,DESCRIPTION,EXTRA_INFO,TYPE) values (42,'N',null,1,'AST','Account Scheme Type',null,'RESTRICTION_TYPE');
Insert into IBANK.CODE (ID,DEL_FLAG,DELETED_ON,VERSION,CODE,DESCRIPTION,EXTRA_INFO,TYPE) values (43,'N',null,0,'CHQ_RQ','Cheque Book Request',null,'TRANSACTION_TYPE');
Insert into IBANK.CODE (ID,DEL_FLAG,DELETED_ON,VERSION,CODE,DESCRIPTION,EXTRA_INFO,TYPE) values (44,'N',null,0,'TKN_RQ','Token Request',null,'TRANSACTION_TYPE');
Insert into IBANK.CODE (ID,DEL_FLAG,DELETED_ON,VERSION,CODE,DESCRIPTION,EXTRA_INFO,TYPE) values (47,'N',null,0,'FI','Financial Institutions',null,'SERVICE_REQUEST');
Insert into IBANK.CODE (ID,DEL_FLAG,DELETED_ON,VERSION,CODE,DESCRIPTION,EXTRA_INFO,TYPE) values (48,'N',null,0,'TEXTAREA','Text Area',null,'SERVICE_REQUEST');
Insert into IBANK.CODE (ID,DEL_FLAG,DELETED_ON,VERSION,CODE,DESCRIPTION,EXTRA_INFO,TYPE) values (50,'N',null,0,'A','ACTIVE',null,'USER_STATUS');
Insert into IBANK.CODE (ID,DEL_FLAG,DELETED_ON,VERSION,CODE,DESCRIPTION,EXTRA_INFO,TYPE) values (51,'N',null,0,'I','INACTIVE',null,'USER_STATUS');
Insert into IBANK.CODE (ID,DEL_FLAG,DELETED_ON,VERSION,CODE,DESCRIPTION,EXTRA_INFO,TYPE) values (52,'N',null,0,'L','LOCKED',null,'USER_STATUS');
Insert into IBANK.CODE (ID,DEL_FLAG,DELETED_ON,VERSION,CODE,DESCRIPTION,EXTRA_INFO,TYPE) values (54,'N',null,0,'MULTI','Multi',null,'CORPORATE_TYPE');
Insert into IBANK.CODE (ID,DEL_FLAG,DELETED_ON,VERSION,CODE,DESCRIPTION,EXTRA_INFO,TYPE) values (55,'N',null,0,'SOLE','Sole',null,'CORPORATE_TYPE');
Insert into IBANK.CODE (ID,DEL_FLAG,DELETED_ON,VERSION,CODE,DESCRIPTION,EXTRA_INFO,TYPE) values (58,'Y',to_timestamp('10-JUL-17 06.01.17.716000000 AM','DD-MON-RR HH.MI.SSXFF AM'),1,'DC','Debit and Credit',null,'RESTRICTION_TYPE');
Insert into IBANK.CODE (ID,DEL_FLAG,DELETED_ON,VERSION,CODE,DESCRIPTION,EXTRA_INFO,TYPE) values (59,'N',null,0,'BOTH','SMS and Email',null,'ALERT_PREFERENCE');
Insert into IBANK.CODE (ID,DEL_FLAG,DELETED_ON,VERSION,CODE,DESCRIPTION,EXTRA_INFO,TYPE) values (60,'N',null,0,'SMS','SMS only',null,'ALERT_PREFERENCE');
Insert into IBANK.CODE (ID,DEL_FLAG,DELETED_ON,VERSION,CODE,DESCRIPTION,EXTRA_INFO,TYPE) values (61,'N',null,0,'EMAIL','Email only',null,'ALERT_PREFERENCE');
Insert into IBANK.CODE (ID,DEL_FLAG,DELETED_ON,VERSION,CODE,DESCRIPTION,EXTRA_INFO,TYPE) values (62,'N',null,0,'CODE','Codes',null,'SERVICE_REQUEST');
Insert into IBANK.CODE (ID,DEL_FLAG,DELETED_ON,VERSION,CODE,DESCRIPTION,EXTRA_INFO,TYPE) values (123,'N',null,5,'LAG','Lagos','10 Amodu Ojikutu Street
Off Saka Tinubu Street
Victoria Island, Lagos, Nigeria','CMB_BRANCH');
Insert into IBANK.CODE (ID,DEL_FLAG,DELETED_ON,VERSION,CODE,DESCRIPTION,EXTRA_INFO,TYPE) values (125,'N',to_timestamp('11-JUL-17 09.36.30.698000000 AM','DD-MON-RR HH.MI.SSXFF AM'),1,'ABJ','Abuja','Coscharis Plaza, Plot 1070
Faskari Street, Area 3, Garki
Abuja, Nigeria','CMB_BRANCH');
Insert into IBANK.CODE (ID,DEL_FLAG,DELETED_ON,VERSION,CODE,DESCRIPTION,EXTRA_INFO,TYPE) values (127,'N',null,0,'PH','Port Harcourt','First Floor, Charis Plaza, By Evo Road Junction
141, Olu Obasanjo Road
Port Harcourt, Nigeria','CMB_BRANCH');

Insert into IBANK.FAQS (ID,DEL_FLAG,DELETED_ON,VERSION,ANSWER,QUESTION) values (658,'N',null,1,'Victoria Island, Lagos','Where is your head office located?');
Insert into IBANK.FAQS (ID,DEL_FLAG,DELETED_ON,VERSION,ANSWER,QUESTION) values (659,'N',null,0,'3 branches','How many branches do you have?');
Insert into IBANK.FAQS (ID,DEL_FLAG,DELETED_ON,VERSION,ANSWER,QUESTION) values (660,'N',null,0,'Abuja, Lagos and PortHarcourt','Where are your branches located?');

Insert into IBANK.FINANCIAL_INSTITUTION (ID,DEL_FLAG,DELETED_ON,VERSION,INSTITUTION_CODE,INSTITUTION_NAME,INSTITUTION_TYPE,SORT_CODE) values (24,'N',null,0,'090001','ASOSavings',0,null);
Insert into IBANK.FINANCIAL_INSTITUTION (ID,DEL_FLAG,DELETED_ON,VERSION,INSTITUTION_CODE,INSTITUTION_NAME,INSTITUTION_TYPE,SORT_CODE) values (25,'N',null,0,'000014','Access Bank',0,null);
Insert into IBANK.FINANCIAL_INSTITUTION (ID,DEL_FLAG,DELETED_ON,VERSION,INSTITUTION_CODE,INSTITUTION_NAME,INSTITUTION_TYPE,SORT_CODE) values (26,'N',null,0,'100013','AccessMobile',0,null);
Insert into IBANK.FINANCIAL_INSTITUTION (ID,DEL_FLAG,DELETED_ON,VERSION,INSTITUTION_CODE,INSTITUTION_NAME,INSTITUTION_TYPE,SORT_CODE) values (27,'N',null,0,'100005','Cellulant',0,null);
Insert into IBANK.FINANCIAL_INSTITUTION (ID,DEL_FLAG,DELETED_ON,VERSION,INSTITUTION_CODE,INSTITUTION_NAME,INSTITUTION_TYPE,SORT_CODE) values (28,'N',null,0,'100015','ChamsMobile',0,null);
Insert into IBANK.FINANCIAL_INSTITUTION (ID,DEL_FLAG,DELETED_ON,VERSION,INSTITUTION_CODE,INSTITUTION_NAME,INSTITUTION_TYPE,SORT_CODE) values (29,'N',null,0,'000009','Citi Bank',0,null);
Insert into IBANK.FINANCIAL_INSTITUTION (ID,DEL_FLAG,DELETED_ON,VERSION,INSTITUTION_CODE,INSTITUTION_NAME,INSTITUTION_TYPE,SORT_CODE) values (30,'N',null,0,'060001','Coronation',0,null);
Insert into IBANK.FINANCIAL_INSTITUTION (ID,DEL_FLAG,DELETED_ON,VERSION,INSTITUTION_CODE,INSTITUTION_NAME,INSTITUTION_TYPE,SORT_CODE) values (31,'N',null,0,'070006','Covenant MFB',0,null);
Insert into IBANK.FINANCIAL_INSTITUTION (ID,DEL_FLAG,DELETED_ON,VERSION,INSTITUTION_CODE,INSTITUTION_NAME,INSTITUTION_TYPE,SORT_CODE) values (32,'N',null,0,'000005','Diamond Bank',0,null);
Insert into IBANK.FINANCIAL_INSTITUTION (ID,DEL_FLAG,DELETED_ON,VERSION,INSTITUTION_CODE,INSTITUTION_NAME,INSTITUTION_TYPE,SORT_CODE) values (33,'N',null,0,'100021','Eartholeum',0,null);
Insert into IBANK.FINANCIAL_INSTITUTION (ID,DEL_FLAG,DELETED_ON,VERSION,INSTITUTION_CODE,INSTITUTION_NAME,INSTITUTION_TYPE,SORT_CODE) values (34,'N',null,0,'100008','EcoMobile',0,null);
Insert into IBANK.FINANCIAL_INSTITUTION (ID,DEL_FLAG,DELETED_ON,VERSION,INSTITUTION_CODE,INSTITUTION_NAME,INSTITUTION_TYPE,SORT_CODE) values (35,'N',null,0,'000010','Ecobank Bank',0,null);
Insert into IBANK.FINANCIAL_INSTITUTION (ID,DEL_FLAG,DELETED_ON,VERSION,INSTITUTION_CODE,INSTITUTION_NAME,INSTITUTION_TYPE,SORT_CODE) values (36,'N',null,0,'000019','Enterprise Bank',0,null);
Insert into IBANK.FINANCIAL_INSTITUTION (ID,DEL_FLAG,DELETED_ON,VERSION,INSTITUTION_CODE,INSTITUTION_NAME,INSTITUTION_TYPE,SORT_CODE) values (37,'N',null,0,'090107','FBN Morgages Limited',0,null);
Insert into IBANK.FINANCIAL_INSTITUTION (ID,DEL_FLAG,DELETED_ON,VERSION,INSTITUTION_CODE,INSTITUTION_NAME,INSTITUTION_TYPE,SORT_CODE) values (38,'N',null,0,'100014','FBNMobile',0,null);
Insert into IBANK.FINANCIAL_INSTITUTION (ID,DEL_FLAG,DELETED_ON,VERSION,INSTITUTION_CODE,INSTITUTION_NAME,INSTITUTION_TYPE,SORT_CODE) values (39,'N',null,0,'100001','FET',0,null);
Insert into IBANK.FINANCIAL_INSTITUTION (ID,DEL_FLAG,DELETED_ON,VERSION,INSTITUTION_CODE,INSTITUTION_NAME,INSTITUTION_TYPE,SORT_CODE) values (40,'N',null,0,'400001','FSDH',0,null);
Insert into IBANK.FINANCIAL_INSTITUTION (ID,DEL_FLAG,DELETED_ON,VERSION,INSTITUTION_CODE,INSTITUTION_NAME,INSTITUTION_TYPE,SORT_CODE) values (41,'N',null,0,'000007','Fidelity Bank',0,null);
Insert into IBANK.FINANCIAL_INSTITUTION (ID,DEL_FLAG,DELETED_ON,VERSION,INSTITUTION_CODE,INSTITUTION_NAME,INSTITUTION_TYPE,SORT_CODE) values (42,'N',null,0,'100019','Fidelity Mobile',0,null);
Insert into IBANK.FINANCIAL_INSTITUTION (ID,DEL_FLAG,DELETED_ON,VERSION,INSTITUTION_CODE,INSTITUTION_NAME,INSTITUTION_TYPE,SORT_CODE) values (43,'N',null,0,'000016','First Bank of Nigeria',0,null);
Insert into IBANK.FINANCIAL_INSTITUTION (ID,DEL_FLAG,DELETED_ON,VERSION,INSTITUTION_CODE,INSTITUTION_NAME,INSTITUTION_TYPE,SORT_CODE) values (44,'N',null,0,'000003','First City Monument Bank',0,null);
Insert into IBANK.FINANCIAL_INSTITUTION (ID,DEL_FLAG,DELETED_ON,VERSION,INSTITUTION_CODE,INSTITUTION_NAME,INSTITUTION_TYPE,SORT_CODE) values (45,'N',null,0,'070002','Fortis Microfinance Bank',0,null);
Insert into IBANK.FINANCIAL_INSTITUTION (ID,DEL_FLAG,DELETED_ON,VERSION,INSTITUTION_CODE,INSTITUTION_NAME,INSTITUTION_TYPE,SORT_CODE) values (46,'N',null,0,'100016','FortisMobile',0,null);
Insert into IBANK.FINANCIAL_INSTITUTION (ID,DEL_FLAG,DELETED_ON,VERSION,INSTITUTION_CODE,INSTITUTION_NAME,INSTITUTION_TYPE,SORT_CODE) values (47,'N',null,0,'000013','GTBank Plc',0,null);
Insert into IBANK.FINANCIAL_INSTITUTION (ID,DEL_FLAG,DELETED_ON,VERSION,INSTITUTION_CODE,INSTITUTION_NAME,INSTITUTION_TYPE,SORT_CODE) values (48,'N',null,0,'100009','GTMobile',0,null);
Insert into IBANK.FINANCIAL_INSTITUTION (ID,DEL_FLAG,DELETED_ON,VERSION,INSTITUTION_CODE,INSTITUTION_NAME,INSTITUTION_TYPE,SORT_CODE) values (49,'N',null,0,'100017','Hedonmark',0,null);
Insert into IBANK.FINANCIAL_INSTITUTION (ID,DEL_FLAG,DELETED_ON,VERSION,INSTITUTION_CODE,INSTITUTION_NAME,INSTITUTION_TYPE,SORT_CODE) values (50,'N',null,0,'000020','Heritage',0,null);
Insert into IBANK.FINANCIAL_INSTITUTION (ID,DEL_FLAG,DELETED_ON,VERSION,INSTITUTION_CODE,INSTITUTION_NAME,INSTITUTION_TYPE,SORT_CODE) values (51,'N',null,0,'100024','Imperial Homes Mortgage Bank',0,null);
Insert into IBANK.FINANCIAL_INSTITUTION (ID,DEL_FLAG,DELETED_ON,VERSION,INSTITUTION_CODE,INSTITUTION_NAME,INSTITUTION_TYPE,SORT_CODE) values (52,'N',null,0,'100027','Intellifin',0,null);
Insert into IBANK.FINANCIAL_INSTITUTION (ID,DEL_FLAG,DELETED_ON,VERSION,INSTITUTION_CODE,INSTITUTION_NAME,INSTITUTION_TYPE,SORT_CODE) values (53,'N',null,0,'000006','JAIZ Bank',0,null);
Insert into IBANK.FINANCIAL_INSTITUTION (ID,DEL_FLAG,DELETED_ON,VERSION,INSTITUTION_CODE,INSTITUTION_NAME,INSTITUTION_TYPE,SORT_CODE) values (54,'N',null,0,'090003','JubileeLife',0,null);
Insert into IBANK.FINANCIAL_INSTITUTION (ID,DEL_FLAG,DELETED_ON,VERSION,INSTITUTION_CODE,INSTITUTION_NAME,INSTITUTION_TYPE,SORT_CODE) values (55,'N',null,0,'000002','Keystone Bank',0,null);
Insert into IBANK.FINANCIAL_INSTITUTION (ID,DEL_FLAG,DELETED_ON,VERSION,INSTITUTION_CODE,INSTITUTION_NAME,INSTITUTION_TYPE,SORT_CODE) values (56,'N',null,0,'100011','Mkudi',0,null);
Insert into IBANK.FINANCIAL_INSTITUTION (ID,DEL_FLAG,DELETED_ON,VERSION,INSTITUTION_CODE,INSTITUTION_NAME,INSTITUTION_TYPE,SORT_CODE) values (57,'N',null,0,'100020','MoneyBox',0,null);
Insert into IBANK.FINANCIAL_INSTITUTION (ID,DEL_FLAG,DELETED_ON,VERSION,INSTITUTION_CODE,INSTITUTION_NAME,INSTITUTION_TYPE,SORT_CODE) values (58,'N',null,0,'999999','NIP Virtual Bank',0,null);
Insert into IBANK.FINANCIAL_INSTITUTION (ID,DEL_FLAG,DELETED_ON,VERSION,INSTITUTION_CODE,INSTITUTION_NAME,INSTITUTION_TYPE,SORT_CODE) values (59,'N',null,0,'070001','NPF MicroFinance Bank',0,null);
Insert into IBANK.FINANCIAL_INSTITUTION (ID,DEL_FLAG,DELETED_ON,VERSION,INSTITUTION_CODE,INSTITUTION_NAME,INSTITUTION_TYPE,SORT_CODE) values (60,'N',null,0,'090108','New Prudential Bank',0,null);
Insert into IBANK.FINANCIAL_INSTITUTION (ID,DEL_FLAG,DELETED_ON,VERSION,INSTITUTION_CODE,INSTITUTION_NAME,INSTITUTION_TYPE,SORT_CODE) values (61,'N',null,0,'100026','ONE FINANCE',0,null);
Insert into IBANK.FINANCIAL_INSTITUTION (ID,DEL_FLAG,DELETED_ON,VERSION,INSTITUTION_CODE,INSTITUTION_NAME,INSTITUTION_TYPE,SORT_CODE) values (62,'N',null,0,'070007','Omoluabi',0,null);
Insert into IBANK.FINANCIAL_INSTITUTION (ID,DEL_FLAG,DELETED_ON,VERSION,INSTITUTION_CODE,INSTITUTION_NAME,INSTITUTION_TYPE,SORT_CODE) values (63,'N',null,0,'100002','Paga',0,null);
Insert into IBANK.FINANCIAL_INSTITUTION (ID,DEL_FLAG,DELETED_ON,VERSION,INSTITUTION_CODE,INSTITUTION_NAME,INSTITUTION_TYPE,SORT_CODE) values (64,'N',null,0,'070008','Page MFBank',0,null);
Insert into IBANK.FINANCIAL_INSTITUTION (ID,DEL_FLAG,DELETED_ON,VERSION,INSTITUTION_CODE,INSTITUTION_NAME,INSTITUTION_TYPE,SORT_CODE) values (65,'N',null,0,'100003','Parkway-ReadyCash',0,null);
Insert into IBANK.FINANCIAL_INSTITUTION (ID,DEL_FLAG,DELETED_ON,VERSION,INSTITUTION_CODE,INSTITUTION_NAME,INSTITUTION_TYPE,SORT_CODE) values (66,'N',null,0,'090004','Parralex',0,null);
Insert into IBANK.FINANCIAL_INSTITUTION (ID,DEL_FLAG,DELETED_ON,VERSION,INSTITUTION_CODE,INSTITUTION_NAME,INSTITUTION_TYPE,SORT_CODE) values (67,'N',null,0,'110001','PayAttitude Online',0,null);
Insert into IBANK.FINANCIAL_INSTITUTION (ID,DEL_FLAG,DELETED_ON,VERSION,INSTITUTION_CODE,INSTITUTION_NAME,INSTITUTION_TYPE,SORT_CODE) values (68,'N',null,0,'100004','Paycom',0,null);
Insert into IBANK.FINANCIAL_INSTITUTION (ID,DEL_FLAG,DELETED_ON,VERSION,INSTITUTION_CODE,INSTITUTION_NAME,INSTITUTION_TYPE,SORT_CODE) values (69,'N',null,0,'000023','Providus Bank ',0,null);
Insert into IBANK.FINANCIAL_INSTITUTION (ID,DEL_FLAG,DELETED_ON,VERSION,INSTITUTION_CODE,INSTITUTION_NAME,INSTITUTION_TYPE,SORT_CODE) values (70,'N',null,0,'000022','SUNTRUST BANK',0,null);
Insert into IBANK.FINANCIAL_INSTITUTION (ID,DEL_FLAG,DELETED_ON,VERSION,INSTITUTION_CODE,INSTITUTION_NAME,INSTITUTION_TYPE,SORT_CODE) values (71,'N',null,0,'090006','SafeTrust',0,null);
Insert into IBANK.FINANCIAL_INSTITUTION (ID,DEL_FLAG,DELETED_ON,VERSION,INSTITUTION_CODE,INSTITUTION_NAME,INSTITUTION_TYPE,SORT_CODE) values (72,'N',null,0,'000008','Skye Bank',0,null);
Insert into IBANK.FINANCIAL_INSTITUTION (ID,DEL_FLAG,DELETED_ON,VERSION,INSTITUTION_CODE,INSTITUTION_NAME,INSTITUTION_TYPE,SORT_CODE) values (73,'N',null,0,'000012','StanbicIBTC Bank',0,null);
Insert into IBANK.FINANCIAL_INSTITUTION (ID,DEL_FLAG,DELETED_ON,VERSION,INSTITUTION_CODE,INSTITUTION_NAME,INSTITUTION_TYPE,SORT_CODE) values (74,'N',null,0,'100007','StanbicMobileMoney',0,null);
Insert into IBANK.FINANCIAL_INSTITUTION (ID,DEL_FLAG,DELETED_ON,VERSION,INSTITUTION_CODE,INSTITUTION_NAME,INSTITUTION_TYPE,SORT_CODE) values (75,'N',null,0,'000021','StandardChartered',0,null);
Insert into IBANK.FINANCIAL_INSTITUTION (ID,DEL_FLAG,DELETED_ON,VERSION,INSTITUTION_CODE,INSTITUTION_NAME,INSTITUTION_TYPE,SORT_CODE) values (76,'N',null,1,'000001','STERLING BANK',0,'232150000');
Insert into IBANK.FINANCIAL_INSTITUTION (ID,DEL_FLAG,DELETED_ON,VERSION,INSTITUTION_CODE,INSTITUTION_NAME,INSTITUTION_TYPE,SORT_CODE) values (77,'N',null,0,'100022','Sterling Mobile',0,null);
Insert into IBANK.FINANCIAL_INSTITUTION (ID,DEL_FLAG,DELETED_ON,VERSION,INSTITUTION_CODE,INSTITUTION_NAME,INSTITUTION_TYPE,SORT_CODE) values (78,'N',null,0,'100023','TagPay',0,null);
Insert into IBANK.FINANCIAL_INSTITUTION (ID,DEL_FLAG,DELETED_ON,VERSION,INSTITUTION_CODE,INSTITUTION_NAME,INSTITUTION_TYPE,SORT_CODE) values (79,'N',null,0,'100010','TeasyMobile',0,null);
Insert into IBANK.FINANCIAL_INSTITUTION (ID,DEL_FLAG,DELETED_ON,VERSION,INSTITUTION_CODE,INSTITUTION_NAME,INSTITUTION_TYPE,SORT_CODE) values (80,'N',null,0,'090005','Trustbond',0,null);
Insert into IBANK.FINANCIAL_INSTITUTION (ID,DEL_FLAG,DELETED_ON,VERSION,INSTITUTION_CODE,INSTITUTION_NAME,INSTITUTION_TYPE,SORT_CODE) values (81,'N',null,0,'000018','Union Bank',0,null);
Insert into IBANK.FINANCIAL_INSTITUTION (ID,DEL_FLAG,DELETED_ON,VERSION,INSTITUTION_CODE,INSTITUTION_NAME,INSTITUTION_TYPE,SORT_CODE) values (82,'N',null,0,'000004','United Bank for Africa',0,null);
Insert into IBANK.FINANCIAL_INSTITUTION (ID,DEL_FLAG,DELETED_ON,VERSION,INSTITUTION_CODE,INSTITUTION_NAME,INSTITUTION_TYPE,SORT_CODE) values (83,'N',null,0,'000011','Unity Bank',0,null);
Insert into IBANK.FINANCIAL_INSTITUTION (ID,DEL_FLAG,DELETED_ON,VERSION,INSTITUTION_CODE,INSTITUTION_NAME,INSTITUTION_TYPE,SORT_CODE) values (84,'N',null,0,'100012','VTNetworks',0,null);
Insert into IBANK.FINANCIAL_INSTITUTION (ID,DEL_FLAG,DELETED_ON,VERSION,INSTITUTION_CODE,INSTITUTION_NAME,INSTITUTION_TYPE,SORT_CODE) values (85,'N',null,0,'000017','Wema Bank',0,null);
Insert into IBANK.FINANCIAL_INSTITUTION (ID,DEL_FLAG,DELETED_ON,VERSION,INSTITUTION_CODE,INSTITUTION_NAME,INSTITUTION_TYPE,SORT_CODE) values (86,'N',null,0,'000015','Zenith Bank',0,null);
Insert into IBANK.FINANCIAL_INSTITUTION (ID,DEL_FLAG,DELETED_ON,VERSION,INSTITUTION_CODE,INSTITUTION_NAME,INSTITUTION_TYPE,SORT_CODE) values (87,'N',null,0,'100018','ZenithMobile',0,null);
Insert into IBANK.FINANCIAL_INSTITUTION (ID,DEL_FLAG,DELETED_ON,VERSION,INSTITUTION_CODE,INSTITUTION_NAME,INSTITUTION_TYPE,SORT_CODE) values (88,'N',null,0,'100006','eTranzact',0,null);

Insert into IBANK.PERMISSION (ID,DEL_FLAG,DELETED_ON,VERSION,CATEGORY,CODE,DESCRIPTION,NAME,USER_TYPE) values (987,'N',null,0,null,'UPDATE_ADMIN_STATUS','Change Admin Activation Status','Change Admin Activation Status','ADMIN');
Insert into IBANK.PERMISSION (ID,DEL_FLAG,DELETED_ON,VERSION,CATEGORY,CODE,DESCRIPTION,NAME,USER_TYPE) values (564,'N',null,0,null,'UPDATE_OPS_STATUS','Change Ops Activation Status','Change Ops Activation Status','ADMIN');
Insert into IBANK.PERMISSION (ID,DEL_FLAG,DELETED_ON,VERSION,CATEGORY,CODE,DESCRIPTION,NAME,USER_TYPE) values (2901,'N',null,0,null,'MANAGE_ACCOUNT','View Account menu','Manage Account','CORPORATE');
Insert into IBANK.PERMISSION (ID,DEL_FLAG,DELETED_ON,VERSION,CATEGORY,CODE,DESCRIPTION,NAME,USER_TYPE) values (2904,'N',null,0,null,'CUSTOMIZE_ACCOUNT','Customise account menu','Customise Account','CORPORATE');
Insert into IBANK.PERMISSION (ID,DEL_FLAG,DELETED_ON,VERSION,CATEGORY,CODE,DESCRIPTION,NAME,USER_TYPE) values (2907,'N',null,0,null,'ACCOUNT_SETTINGS','Account Settings Menu','Account Settings','CORPORATE');
Insert into IBANK.PERMISSION (ID,DEL_FLAG,DELETED_ON,VERSION,CATEGORY,CODE,DESCRIPTION,NAME,USER_TYPE) values (2915,'Y',to_timestamp('10-JUL-17 07.10.08.301000000 PM','DD-MON-RR HH.MI.SSXFF AM'),1,null,'ACCOUNT_OFFICER','Account Officer Menu','Account Officer','CORPORATE');
Insert into IBANK.PERMISSION (ID,DEL_FLAG,DELETED_ON,VERSION,CATEGORY,CODE,DESCRIPTION,NAME,USER_TYPE) values (2918,'N',null,0,null,'ACCOUNT_STATEMENT','Account Statement Menu','Account Statement','CORPORATE');
Insert into IBANK.PERMISSION (ID,DEL_FLAG,DELETED_ON,VERSION,CATEGORY,CODE,DESCRIPTION,NAME,USER_TYPE) values (2921,'N',null,0,null,'CREATE_ACCOUNT','Create Account Menu','Create Account','CORPORATE');
Insert into IBANK.PERMISSION (ID,DEL_FLAG,DELETED_ON,VERSION,CATEGORY,CODE,DESCRIPTION,NAME,USER_TYPE) values (2924,'N',null,0,null,'MANAGE_TRANSFERS','Transfers Menu','Tranfers Menu','CORPORATE');
Insert into IBANK.PERMISSION (ID,DEL_FLAG,DELETED_ON,VERSION,CATEGORY,CODE,DESCRIPTION,NAME,USER_TYPE) values (2942,'N',null,0,null,'ACCOUNT_OFFICER','Account Officer Menu','Account Officer Menu','CORPORATE');
Insert into IBANK.PERMISSION (ID,DEL_FLAG,DELETED_ON,VERSION,CATEGORY,CODE,DESCRIPTION,NAME,USER_TYPE) values (2948,'N',null,0,null,'OWN_ACCOUNT_TRANSFER','Own Account Transfer Menu','Own Account Transfer Menu','CORPORATE');
Insert into IBANK.PERMISSION (ID,DEL_FLAG,DELETED_ON,VERSION,CATEGORY,CODE,DESCRIPTION,NAME,USER_TYPE) values (2958,'N',null,0,null,'CMB_CMB_TRANSFER','Coronation transfer menu','Coronation transfer menu','CORPORATE');
Insert into IBANK.PERMISSION (ID,DEL_FLAG,DELETED_ON,VERSION,CATEGORY,CODE,DESCRIPTION,NAME,USER_TYPE) values (2961,'N',null,0,null,'INTERBANK_TRANSFER','Interbank Transfer menu','Interbank transfer','CORPORATE');
Insert into IBANK.PERMISSION (ID,DEL_FLAG,DELETED_ON,VERSION,CATEGORY,CODE,DESCRIPTION,NAME,USER_TYPE) values (2971,'Y',to_timestamp('11-JUL-17 05.27.03.739000000 PM','DD-MON-RR HH.MI.SSXFF AM'),1,null,'INTERNATIONAL_TRANSFER','International Transfer Menu','International Transfer','CORPORATE');
Insert into IBANK.PERMISSION (ID,DEL_FLAG,DELETED_ON,VERSION,CATEGORY,CODE,DESCRIPTION,NAME,USER_TYPE) values (2974,'N',null,0,null,'BULK_TRANSFER','Bulk Transfer menu','Bulk Transfer','CORPORATE');
Insert into IBANK.PERMISSION (ID,DEL_FLAG,DELETED_ON,VERSION,CATEGORY,CODE,DESCRIPTION,NAME,USER_TYPE) values (2977,'N',null,0,null,'CORP_TRANSACTION_LIMIT','Corporate Transaction Limit Menu','Corporate Transaction Limit','CORPORATE');
Insert into IBANK.PERMISSION (ID,DEL_FLAG,DELETED_ON,VERSION,CATEGORY,CODE,DESCRIPTION,NAME,USER_TYPE) values (2980,'N',null,0,null,'STANDING_ORDER','Standing Order menu','Standing Order','CORPORATE');
Insert into IBANK.PERMISSION (ID,DEL_FLAG,DELETED_ON,VERSION,CATEGORY,CODE,DESCRIPTION,NAME,USER_TYPE) values (1,'N',null,10,null,'VIEW_USER','View users on the system','View User','ADMIN');
Insert into IBANK.PERMISSION (ID,DEL_FLAG,DELETED_ON,VERSION,CATEGORY,CODE,DESCRIPTION,NAME,USER_TYPE) values (2,'N',null,11,null,'ADD_ADMIN_USER','ADD  ADMIN USERS TO THE SYSTEM','Add Admin User','ADMIN');
Insert into IBANK.PERMISSION (ID,DEL_FLAG,DELETED_ON,VERSION,CATEGORY,CODE,DESCRIPTION,NAME,USER_TYPE) values (3,'N',null,2,null,'MANAGE_ACCOUNT','View Manage Accounts Menu by Retail Customer','Manage Account','RETAIL');
Insert into IBANK.PERMISSION (ID,DEL_FLAG,DELETED_ON,VERSION,CATEGORY,CODE,DESCRIPTION,NAME,USER_TYPE) values (4,'N',null,1,null,'CUSTOMIZE_ACCOUNT','Customize Retail account','Customize Account','RETAIL');
Insert into IBANK.PERMISSION (ID,DEL_FLAG,DELETED_ON,VERSION,CATEGORY,CODE,DESCRIPTION,NAME,USER_TYPE) values (5,'N',null,1,null,'ACCOUNT_SETTINGS','Retail Account Settings','Account Settings','RETAIL');
Insert into IBANK.PERMISSION (ID,DEL_FLAG,DELETED_ON,VERSION,CATEGORY,CODE,DESCRIPTION,NAME,USER_TYPE) values (6,'N',null,1,null,'VIEW_ACCOUNT_OFFICER','Display Account Officer Details to customer','View Account Officer Details','RETAIL');
Insert into IBANK.PERMISSION (ID,DEL_FLAG,DELETED_ON,VERSION,CATEGORY,CODE,DESCRIPTION,NAME,USER_TYPE) values (7,'N',null,1,null,'CREATE_ACCOUNT','Create new account by customer','Create Account','RETAIL');
Insert into IBANK.PERMISSION (ID,DEL_FLAG,DELETED_ON,VERSION,CATEGORY,CODE,DESCRIPTION,NAME,USER_TYPE) values (8,'N',null,1,null,'MANAGE_TRANSFERS','View Manage Transfers Menu Item in Retail','Manage Transfers','RETAIL');
Insert into IBANK.PERMISSION (ID,DEL_FLAG,DELETED_ON,VERSION,CATEGORY,CODE,DESCRIPTION,NAME,USER_TYPE) values (9,'N',null,1,null,'OWN_ACCOUNT_TRANSFER','View Menu Item Own Account Transfer','Own Account Transfer','RETAIL');
Insert into IBANK.PERMISSION (ID,DEL_FLAG,DELETED_ON,VERSION,CATEGORY,CODE,DESCRIPTION,NAME,USER_TYPE) values (10,'N',null,1,null,'CMB_CMB_TRANSFER','View menu item cmb to cmb transfer ','CMB to CMB transfer','RETAIL');
Insert into IBANK.PERMISSION (ID,DEL_FLAG,DELETED_ON,VERSION,CATEGORY,CODE,DESCRIPTION,NAME,USER_TYPE) values (11,'N',null,1,null,'INTERBANK_TRANSFER','View Menu Item for Interbank transfer','Interbank Transfer','RETAIL');
Insert into IBANK.PERMISSION (ID,DEL_FLAG,DELETED_ON,VERSION,CATEGORY,CODE,DESCRIPTION,NAME,USER_TYPE) values (12,'Y',to_timestamp('11-JUL-17 05.28.38.605000000 PM','DD-MON-RR HH.MI.SSXFF AM'),2,null,'INTERNATIONAL_TRANSFER','View Menu Item for International Transfer','International Transfer','RETAIL');
Insert into IBANK.PERMISSION (ID,DEL_FLAG,DELETED_ON,VERSION,CATEGORY,CODE,DESCRIPTION,NAME,USER_TYPE) values (13,'N',null,1,null,'RET_TRANSACTION_LIMIT','View Menu Item for transaction limit by retail user','Set Retail Transaction Limit','RETAIL');
Insert into IBANK.PERMISSION (ID,DEL_FLAG,DELETED_ON,VERSION,CATEGORY,CODE,DESCRIPTION,NAME,USER_TYPE) values (14,'N',null,1,null,'STANDING_ORDER','View Menu Item to set standing order retail','Set Standing Order','RETAIL');
Insert into IBANK.PERMISSION (ID,DEL_FLAG,DELETED_ON,VERSION,CATEGORY,CODE,DESCRIPTION,NAME,USER_TYPE) values (15,'N',null,2,null,'MANAGE_BILL_PAYMENT','View Menu Item for Bill Payment','Bill Payment','RETAIL');
Insert into IBANK.PERMISSION (ID,DEL_FLAG,DELETED_ON,VERSION,CATEGORY,CODE,DESCRIPTION,NAME,USER_TYPE) values (16,'Y',to_timestamp('11-JUL-17 05.27.58.623000000 PM','DD-MON-RR HH.MI.SSXFF AM'),2,null,'MANAGE_INVESTMENT','View Menu Item for Investment','Manage Investment','RETAIL');
Insert into IBANK.PERMISSION (ID,DEL_FLAG,DELETED_ON,VERSION,CATEGORY,CODE,DESCRIPTION,NAME,USER_TYPE) values (17,'N',null,1,null,'MANAGE_SERV_REQ','View Menu Item for Service Request Retail','Service Requests','RETAIL');
Insert into IBANK.PERMISSION (ID,DEL_FLAG,DELETED_ON,VERSION,CATEGORY,CODE,DESCRIPTION,NAME,USER_TYPE) values (18,'N',null,1,null,'MAKE_SERV_REQ','View Menu Items for making Service Requests','Make Service Request','RETAIL');
Insert into IBANK.PERMISSION (ID,DEL_FLAG,DELETED_ON,VERSION,CATEGORY,CODE,DESCRIPTION,NAME,USER_TYPE) values (19,'N',null,1,null,'TRACK_SERV_REQ','View Menu Item to track Service Requests Retail','Track Service Requests','RETAIL');
Insert into IBANK.PERMISSION (ID,DEL_FLAG,DELETED_ON,VERSION,CATEGORY,CODE,DESCRIPTION,NAME,USER_TYPE) values (20,'N',null,1,null,'RET_USER_SETTINGS','View Menu Item for Retail User Settings','Retail User Settings','RETAIL');
Insert into IBANK.PERMISSION (ID,DEL_FLAG,DELETED_ON,VERSION,CATEGORY,CODE,DESCRIPTION,NAME,USER_TYPE) values (21,'N',null,1,null,'SET_ALERT_PREFERENCE','Set Retail User Alert Preference','Retail User Alert Preference','RETAIL');
Insert into IBANK.PERMISSION (ID,DEL_FLAG,DELETED_ON,VERSION,CATEGORY,CODE,DESCRIPTION,NAME,USER_TYPE) values (22,'N',null,1,null,'RET_CHANGE_PASSWORD','View Menu Item to Change Password Retail','Retail Change Password','RETAIL');
Insert into IBANK.PERMISSION (ID,DEL_FLAG,DELETED_ON,VERSION,CATEGORY,CODE,DESCRIPTION,NAME,USER_TYPE) values (23,'N',null,1,null,'RET_MAILBOX','View Menu Item for Retail MailBox','View Mailbox Retail','RETAIL');
Insert into IBANK.PERMISSION (ID,DEL_FLAG,DELETED_ON,VERSION,CATEGORY,CODE,DESCRIPTION,NAME,USER_TYPE) values (24,'N',null,1,null,'MANAGE_BEN','View Menu Item for Retail Beneficiaries','View Retail Beneficiaries','RETAIL');
Insert into IBANK.PERMISSION (ID,DEL_FLAG,DELETED_ON,VERSION,CATEGORY,CODE,DESCRIPTION,NAME,USER_TYPE) values (25,'N',null,1,null,'RET_LOST_TOKEN','View Menu Item for Reporting Lost Token Retail','Report Lost Token Retail','RETAIL');
Insert into IBANK.PERMISSION (ID,DEL_FLAG,DELETED_ON,VERSION,CATEGORY,CODE,DESCRIPTION,NAME,USER_TYPE) values (26,'N',null,1,null,'RET_SYNC_TOKEN','View Menu Item to Sync Token Retail','Retail Synchronise token','RETAIL');
Insert into IBANK.PERMISSION (ID,DEL_FLAG,DELETED_ON,VERSION,CATEGORY,CODE,DESCRIPTION,NAME,USER_TYPE) values (27,'N',null,1,null,'OPS_SERV_REQ','View Menu Item for Service Request Operations','Service Requests Operations','OPERATIONS');
Insert into IBANK.PERMISSION (ID,DEL_FLAG,DELETED_ON,VERSION,CATEGORY,CODE,DESCRIPTION,NAME,USER_TYPE) values (28,'N',null,0,null,'OPS_LIMIT','View Limit Menu Item','View Limit Menu','OPERATIONS');
Insert into IBANK.PERMISSION (ID,DEL_FLAG,DELETED_ON,VERSION,CATEGORY,CODE,DESCRIPTION,NAME,USER_TYPE) values (29,'N',null,0,null,'LIMIT_CORPORATE','Set Limit on Corporate','Corporate Limit','OPERATIONS');
Insert into IBANK.PERMISSION (ID,DEL_FLAG,DELETED_ON,VERSION,CATEGORY,CODE,DESCRIPTION,NAME,USER_TYPE) values (30,'N',null,1,null,'LIMIT_CORPORATE_GLOBAL','Set Global Corporate Limit','Corporate Limit Global','ADMIN');
Insert into IBANK.PERMISSION (ID,DEL_FLAG,DELETED_ON,VERSION,CATEGORY,CODE,DESCRIPTION,NAME,USER_TYPE) values (31,'N',null,0,null,'LIMIT_CORPORATE_CLASS','Set Corporate Limit on Account Class','Corporate Limit Class','OPERATIONS');
Insert into IBANK.PERMISSION (ID,DEL_FLAG,DELETED_ON,VERSION,CATEGORY,CODE,DESCRIPTION,NAME,USER_TYPE) values (32,'N',null,0,null,'LIMIT_CORPORATE_ACCOUNT','Set Corporate Limit on Account','Corporate Limit Account','OPERATIONS');
Insert into IBANK.PERMISSION (ID,DEL_FLAG,DELETED_ON,VERSION,CATEGORY,CODE,DESCRIPTION,NAME,USER_TYPE) values (33,'N',null,0,null,'LIMIT_RETAIL','Set Limit on Retail','Retail Limit','OPERATIONS');
Insert into IBANK.PERMISSION (ID,DEL_FLAG,DELETED_ON,VERSION,CATEGORY,CODE,DESCRIPTION,NAME,USER_TYPE) values (34,'N',null,1,null,'LIMIT_RETAIL_GLOBAL','Set Global Retail Limit','Retail Limit Global','ADMIN');
Insert into IBANK.PERMISSION (ID,DEL_FLAG,DELETED_ON,VERSION,CATEGORY,CODE,DESCRIPTION,NAME,USER_TYPE) values (35,'N',null,0,null,'LIMIT_RETAIL_CLASS','Set Retail Limit on Account Class','Retail Limit Class','OPERATIONS');
Insert into IBANK.PERMISSION (ID,DEL_FLAG,DELETED_ON,VERSION,CATEGORY,CODE,DESCRIPTION,NAME,USER_TYPE) values (36,'N',null,0,null,'LIMIT_RETAIL_ACCOUNT','Set Retail Limit on Account','Retail Limit Account','OPERATIONS');
Insert into IBANK.PERMISSION (ID,DEL_FLAG,DELETED_ON,VERSION,CATEGORY,CODE,DESCRIPTION,NAME,USER_TYPE) values (37,'N',null,1,null,'CONTACT_GRP','View Menu Item to Manage Account','Manage Contacts','ADMIN');
Insert into IBANK.PERMISSION (ID,DEL_FLAG,DELETED_ON,VERSION,CATEGORY,CODE,DESCRIPTION,NAME,USER_TYPE) values (38,'N',null,0,null,'MAILBOX','Operation User MailBox','Mailbox','OPERATIONS');
Insert into IBANK.PERMISSION (ID,DEL_FLAG,DELETED_ON,VERSION,CATEGORY,CODE,DESCRIPTION,NAME,USER_TYPE) values (39,'N',null,0,null,'MAILBOX_INBOX','Have an Inbox ','Inbox','OPERATIONS');
Insert into IBANK.PERMISSION (ID,DEL_FLAG,DELETED_ON,VERSION,CATEGORY,CODE,DESCRIPTION,NAME,USER_TYPE) values (40,'N',null,0,null,'MAILBOX_SENT','View Sent Messages in Mailbox','Sent Mailbox','OPERATIONS');
Insert into IBANK.PERMISSION (ID,DEL_FLAG,DELETED_ON,VERSION,CATEGORY,CODE,DESCRIPTION,NAME,USER_TYPE) values (41,'N',null,0,null,'MANAGE_FEES','Fees management by Ops user','Fees management','OPERATIONS');
Insert into IBANK.PERMISSION (ID,DEL_FLAG,DELETED_ON,VERSION,CATEGORY,CODE,DESCRIPTION,NAME,USER_TYPE) values (42,'N',null,0,null,'ACCOUNT_RESTRICTION','Acess to account restriction','Account Restriction','OPERATIONS');
Insert into IBANK.PERMISSION (ID,DEL_FLAG,DELETED_ON,VERSION,CATEGORY,CODE,DESCRIPTION,NAME,USER_TYPE) values (43,'N',null,0,null,'MANAGE_TRANSACTION','Acess to manage transactions','Manage Transaction','OPERATIONS');
Insert into IBANK.PERMISSION (ID,DEL_FLAG,DELETED_ON,VERSION,CATEGORY,CODE,DESCRIPTION,NAME,USER_TYPE) values (44,'N',null,0,null,'ACCOUNT_CLASS_RESTRICTION','Restrict Accounts of a particular class','Account Class Restriction','OPERATIONS');
Insert into IBANK.PERMISSION (ID,DEL_FLAG,DELETED_ON,VERSION,CATEGORY,CODE,DESCRIPTION,NAME,USER_TYPE) values (45,'N',null,0,null,'SINGLE_ACCOUNT_RESTRICTION','Restrict a single Account','Single Account Restriction','OPERATIONS');
Insert into IBANK.PERMISSION (ID,DEL_FLAG,DELETED_ON,VERSION,CATEGORY,CODE,DESCRIPTION,NAME,USER_TYPE) values (46,'Y',null,2,null,'USER_MANAGEMENT','Access to User Management','User Management','ADMIN');
Insert into IBANK.PERMISSION (ID,DEL_FLAG,DELETED_ON,VERSION,CATEGORY,CODE,DESCRIPTION,NAME,USER_TYPE) values (47,'N',null,0,null,'ADMIN_USER_MANAGEMENT','Manage Admin User Accounts','Admin User Management','ADMIN');
Insert into IBANK.PERMISSION (ID,DEL_FLAG,DELETED_ON,VERSION,CATEGORY,CODE,DESCRIPTION,NAME,USER_TYPE) values (48,'N',null,0,null,'OPS_USER_MANAGEMENT','Manage Operator User Accounts','Operator User Management','ADMIN');
Insert into IBANK.PERMISSION (ID,DEL_FLAG,DELETED_ON,VERSION,CATEGORY,CODE,DESCRIPTION,NAME,USER_TYPE) values (49,'N',null,1,null,'CORPORATE_USER_MANAGEMENT','Manage Corporate User Accounts','Corporate User Management','OPERATIONS');
Insert into IBANK.PERMISSION (ID,DEL_FLAG,DELETED_ON,VERSION,CATEGORY,CODE,DESCRIPTION,NAME,USER_TYPE) values (50,'N',null,1,null,'RETAIL_USER_MANAGEMENT','Manage Retail User Accounts','Retail User Management','OPERATIONS');
Insert into IBANK.PERMISSION (ID,DEL_FLAG,DELETED_ON,VERSION,CATEGORY,CODE,DESCRIPTION,NAME,USER_TYPE) values (51,'N',null,0,null,'MANAGE_CONFIG','Configuration Settings','Manage Configuration','ADMIN');
Insert into IBANK.PERMISSION (ID,DEL_FLAG,DELETED_ON,VERSION,CATEGORY,CODE,DESCRIPTION,NAME,USER_TYPE) values (52,'N',null,0,null,'CODE_CONFIG','Manage Code Configurations','Manage Code Configurations','ADMIN');
Insert into IBANK.PERMISSION (ID,DEL_FLAG,DELETED_ON,VERSION,CATEGORY,CODE,DESCRIPTION,NAME,USER_TYPE) values (53,'N',null,0,null,'SETTING_CONFIG','Manage Settings Configurations','Manage Settings Configurations','ADMIN');
Insert into IBANK.PERMISSION (ID,DEL_FLAG,DELETED_ON,VERSION,CATEGORY,CODE,DESCRIPTION,NAME,USER_TYPE) values (54,'N',null,0,null,'AUDIT_CONFIG','Manage Audit Configurations','Manage Audit Configurations','ADMIN');
Insert into IBANK.PERMISSION (ID,DEL_FLAG,DELETED_ON,VERSION,CATEGORY,CODE,DESCRIPTION,NAME,USER_TYPE) values (55,'N',null,0,null,'BANK_CONFIG','Bank Setup Perm','Bank Setup','ADMIN');
Insert into IBANK.PERMISSION (ID,DEL_FLAG,DELETED_ON,VERSION,CATEGORY,CODE,DESCRIPTION,NAME,USER_TYPE) values (56,'N',null,0,null,'FIN_INST','Manage Financial Institutions','Manage Financial Institution','ADMIN');
Insert into IBANK.PERMISSION (ID,DEL_FLAG,DELETED_ON,VERSION,CATEGORY,CODE,DESCRIPTION,NAME,USER_TYPE) values (57,'N',null,0,null,'SERVICE_REQ','Manage Service Request Configurations','Manage Service Requests Configurations','ADMIN');
Insert into IBANK.PERMISSION (ID,DEL_FLAG,DELETED_ON,VERSION,CATEGORY,CODE,DESCRIPTION,NAME,USER_TYPE) values (58,'N',null,0,null,'MANAGE_ACCESS','Manage System User Access','Manage User Access','ADMIN');
Insert into IBANK.PERMISSION (ID,DEL_FLAG,DELETED_ON,VERSION,CATEGORY,CODE,DESCRIPTION,NAME,USER_TYPE) values (59,'N',null,0,null,'MANAGE_ROLES','Manage User Roles','Manage User Roles','ADMIN');
Insert into IBANK.PERMISSION (ID,DEL_FLAG,DELETED_ON,VERSION,CATEGORY,CODE,DESCRIPTION,NAME,USER_TYPE) values (60,'N',null,0,null,'MANAGE_PERMISSIONS','Manage User Permissions','Manage User Permissions','ADMIN');
Insert into IBANK.PERMISSION (ID,DEL_FLAG,DELETED_ON,VERSION,CATEGORY,CODE,DESCRIPTION,NAME,USER_TYPE) values (61,'N',null,1,null,'ADD_SERV_REQ_CONFIG','Create New Service Request Configuration','New Service Request Config','ADMIN');
Insert into IBANK.PERMISSION (ID,DEL_FLAG,DELETED_ON,VERSION,CATEGORY,CODE,DESCRIPTION,NAME,USER_TYPE) values (62,'N',null,0,null,'GET_SERV_REQ_CONFIG','Get the details of a service request configuration','Get Service Request Config Detail','ADMIN');
Insert into IBANK.PERMISSION (ID,DEL_FLAG,DELETED_ON,VERSION,CATEGORY,CODE,DESCRIPTION,NAME,USER_TYPE) values (63,'Y',null,1,null,'GET_SERV_REQ_CONFIGS','Get the list of Service Request Configurations','Get Service Request Configurations','ADMIN');
Insert into IBANK.PERMISSION (ID,DEL_FLAG,DELETED_ON,VERSION,CATEGORY,CODE,DESCRIPTION,NAME,USER_TYPE) values (64,'N',null,0,null,'UPDATE_SERV_REQ_CONFIG','Update a Service Request Configuraton','Update Service Request Config','ADMIN');
Insert into IBANK.PERMISSION (ID,DEL_FLAG,DELETED_ON,VERSION,CATEGORY,CODE,DESCRIPTION,NAME,USER_TYPE) values (65,'N',null,0,null,'DELETE_SERV_REQ_CONFIG','Delete a Service Request Configuraton','Delete Service Request Config','ADMIN');
Insert into IBANK.PERMISSION (ID,DEL_FLAG,DELETED_ON,VERSION,CATEGORY,CODE,DESCRIPTION,NAME,USER_TYPE) values (66,'N',null,1,null,'GET_ACCT_CLASS_RESTRICTS','Get all Account Class Restrictions','View Account Class Restrictions','OPERATIONS');
Insert into IBANK.PERMISSION (ID,DEL_FLAG,DELETED_ON,VERSION,CATEGORY,CODE,DESCRIPTION,NAME,USER_TYPE) values (67,'N',null,1,null,'GET_ACCT_RESTRICTS','Get all Account Restrictions','View Account Restrictions','OPERATIONS');
Insert into IBANK.PERMISSION (ID,DEL_FLAG,DELETED_ON,VERSION,CATEGORY,CODE,DESCRIPTION,NAME,USER_TYPE) values (68,'N',null,2,null,'UPDATE_ACCT_CLASS_RESTRICT','Update Account Class Restriction','Edit Account Class Restriction','OPERATIONS');
Insert into IBANK.PERMISSION (ID,DEL_FLAG,DELETED_ON,VERSION,CATEGORY,CODE,DESCRIPTION,NAME,USER_TYPE) values (69,'N',null,0,null,'UPDATE_ACCT_RESTRICT','Update Account Restriction','Edit Account Restriction','OPERATIONS');
Insert into IBANK.PERMISSION (ID,DEL_FLAG,DELETED_ON,VERSION,CATEGORY,CODE,DESCRIPTION,NAME,USER_TYPE) values (70,'N',null,0,null,'ADD_ACCT_CLASS_RESTRICT','Add Account Class Restriction','Add Account Class Restriction','OPERATIONS');
Insert into IBANK.PERMISSION (ID,DEL_FLAG,DELETED_ON,VERSION,CATEGORY,CODE,DESCRIPTION,NAME,USER_TYPE) values (71,'N',null,0,null,'ADD_ACCT_RESTRICT','Add Account Restriction','Add Account Restriction','OPERATIONS');
Insert into IBANK.PERMISSION (ID,DEL_FLAG,DELETED_ON,VERSION,CATEGORY,CODE,DESCRIPTION,NAME,USER_TYPE) values (72,'N',null,0,null,'DELETE_ACCT_RESTRICT','Delete Account Restriction','Delete Account Restriction','OPERATIONS');
Insert into IBANK.PERMISSION (ID,DEL_FLAG,DELETED_ON,VERSION,CATEGORY,CODE,DESCRIPTION,NAME,USER_TYPE) values (73,'N',null,0,null,'DELETE_ACCT_CLASS_RESTRICT','Delete Account  Class Restriction','Delete Account Class Restriction','OPERATIONS');
Insert into IBANK.PERMISSION (ID,DEL_FLAG,DELETED_ON,VERSION,CATEGORY,CODE,DESCRIPTION,NAME,USER_TYPE) values (74,'N',null,0,null,'GET_ACCT_RESTRICT','Get Account Restriction details','Get Account Restriction','OPERATIONS');
Insert into IBANK.PERMISSION (ID,DEL_FLAG,DELETED_ON,VERSION,CATEGORY,CODE,DESCRIPTION,NAME,USER_TYPE) values (75,'N',null,0,null,'GET_ACCT_CLASS_RESTRICT','Get Account Class Restriction Details','Get Account Class Restriction','OPERATIONS');
Insert into IBANK.PERMISSION (ID,DEL_FLAG,DELETED_ON,VERSION,CATEGORY,CODE,DESCRIPTION,NAME,USER_TYPE) values (76,'N',null,0,null,'GET_ADMIN_USERS','View list of Admin Users','View Admin Users','ADMIN');
Insert into IBANK.PERMISSION (ID,DEL_FLAG,DELETED_ON,VERSION,CATEGORY,CODE,DESCRIPTION,NAME,USER_TYPE) values (77,'N',null,0,null,'GET_ADMIN_USER','Get Admin User','Get Admin User','ADMIN');
Insert into IBANK.PERMISSION (ID,DEL_FLAG,DELETED_ON,VERSION,CATEGORY,CODE,DESCRIPTION,NAME,USER_TYPE) values (78,'N',null,0,null,'DELETE_ADMIN_USER','Delete Admin User','Delete Admin User','ADMIN');
Insert into IBANK.PERMISSION (ID,DEL_FLAG,DELETED_ON,VERSION,CATEGORY,CODE,DESCRIPTION,NAME,USER_TYPE) values (79,'N',null,0,null,'UPDATE_ADMIN_USER','Update Admin User','Update Admin User','ADMIN');
Insert into IBANK.PERMISSION (ID,DEL_FLAG,DELETED_ON,VERSION,CATEGORY,CODE,DESCRIPTION,NAME,USER_TYPE) values (80,'N',null,0,null,'UPDATE_ADMIN_USER_STATUS','Activate/Deactivate Admin User','Activate/Deactivate Admin User','ADMIN');
Insert into IBANK.PERMISSION (ID,DEL_FLAG,DELETED_ON,VERSION,CATEGORY,CODE,DESCRIPTION,NAME,USER_TYPE) values (81,'N',null,0,null,'RESET_ADMIN_USER_PASSWD','Reset Admin User Password','Reset Admin User Password','ADMIN');
Insert into IBANK.PERMISSION (ID,DEL_FLAG,DELETED_ON,VERSION,CATEGORY,CODE,DESCRIPTION,NAME,USER_TYPE) values (82,'N',null,0,null,'CHANGE_ADMIN_USER_PASSWD','Change Admin User Password','Change Admin User Password','ADMIN');
Insert into IBANK.PERMISSION (ID,DEL_FLAG,DELETED_ON,VERSION,CATEGORY,CODE,DESCRIPTION,NAME,USER_TYPE) values (83,'N',null,0,null,'UPDATE_AUDIT_CONFIG','Update Audit Config','Update Audit Config','ADMIN');
Insert into IBANK.PERMISSION (ID,DEL_FLAG,DELETED_ON,VERSION,CATEGORY,CODE,DESCRIPTION,NAME,USER_TYPE) values (84,'N',null,0,null,'GET_AUDIT_TABLES','Get Audit Tables','Get Audit Tables','ADMIN');
Insert into IBANK.PERMISSION (ID,DEL_FLAG,DELETED_ON,VERSION,CATEGORY,CODE,DESCRIPTION,NAME,USER_TYPE) values (85,'N',null,0,null,'ADD_CODE','New Config Code','Add New Config Code','ADMIN');
Insert into IBANK.PERMISSION (ID,DEL_FLAG,DELETED_ON,VERSION,CATEGORY,CODE,DESCRIPTION,NAME,USER_TYPE) values (86,'N',null,0,null,'DELETE_CODE','Delete Configuration Code','Delete Configuration Code','ADMIN');
Insert into IBANK.PERMISSION (ID,DEL_FLAG,DELETED_ON,VERSION,CATEGORY,CODE,DESCRIPTION,NAME,USER_TYPE) values (87,'N',null,0,null,'GET_CODE','Get Configuration Code','Get Configuration Code','ADMIN');
Insert into IBANK.PERMISSION (ID,DEL_FLAG,DELETED_ON,VERSION,CATEGORY,CODE,DESCRIPTION,NAME,USER_TYPE) values (88,'N',null,0,null,'UPDATE_CODE','Update Configuration Code','Update Configuration Code','ADMIN');
Insert into IBANK.PERMISSION (ID,DEL_FLAG,DELETED_ON,VERSION,CATEGORY,CODE,DESCRIPTION,NAME,USER_TYPE) values (89,'N',null,0,null,'GET_CODES','Get Configuration Codes','Get Configuration Codes','ADMIN');
Insert into IBANK.PERMISSION (ID,DEL_FLAG,DELETED_ON,VERSION,CATEGORY,CODE,DESCRIPTION,NAME,USER_TYPE) values (90,'N',null,0,null,'ADD_SETTING','Add New Config Setting','Add New Config Setting','ADMIN');
Insert into IBANK.PERMISSION (ID,DEL_FLAG,DELETED_ON,VERSION,CATEGORY,CODE,DESCRIPTION,NAME,USER_TYPE) values (91,'N',null,0,null,'UPDATE_SETTING','Update Config Setting','Update Config Setting','ADMIN');
Insert into IBANK.PERMISSION (ID,DEL_FLAG,DELETED_ON,VERSION,CATEGORY,CODE,DESCRIPTION,NAME,USER_TYPE) values (92,'N',null,0,null,'DELETE_SETTING','Delete Config Setting','Delete Config Setting','ADMIN');
Insert into IBANK.PERMISSION (ID,DEL_FLAG,DELETED_ON,VERSION,CATEGORY,CODE,DESCRIPTION,NAME,USER_TYPE) values (93,'N',null,0,null,'GET_SETTING','Get Config Setting','Get Config Setting','ADMIN');
Insert into IBANK.PERMISSION (ID,DEL_FLAG,DELETED_ON,VERSION,CATEGORY,CODE,DESCRIPTION,NAME,USER_TYPE) values (94,'N',null,0,null,'GET_SETTINGS','Get Config Settings','Get Config Settings','ADMIN');
Insert into IBANK.PERMISSION (ID,DEL_FLAG,DELETED_ON,VERSION,CATEGORY,CODE,DESCRIPTION,NAME,USER_TYPE) values (95,'N',null,1,null,'ADD_CORPORATE','Add New Corporate','Add New Corporate','OPERATIONS');
Insert into IBANK.PERMISSION (ID,DEL_FLAG,DELETED_ON,VERSION,CATEGORY,CODE,DESCRIPTION,NAME,USER_TYPE) values (96,'N',null,1,null,'GET_CODE','Get Configuration Codes','Get Code','RETAIL');
Insert into IBANK.PERMISSION (ID,DEL_FLAG,DELETED_ON,VERSION,CATEGORY,CODE,DESCRIPTION,NAME,USER_TYPE) values (97,'N',null,0,null,'GET_CODES','Get Configuration Code','Get Codes','RETAIL');
Insert into IBANK.PERMISSION (ID,DEL_FLAG,DELETED_ON,VERSION,CATEGORY,CODE,DESCRIPTION,NAME,USER_TYPE) values (98,'N',null,0,null,'GET_ACCT_CLASS_RESTRICTS','Get Restricted Class Accounts','Get Restricted Class Accounts','RETAIL');
Insert into IBANK.PERMISSION (ID,DEL_FLAG,DELETED_ON,VERSION,CATEGORY,CODE,DESCRIPTION,NAME,USER_TYPE) values (99,'N',null,0,null,'GET_ACCT_RESTRICTS','Get Restricted Accounts','Get Restricted Accounts','RETAIL');
Insert into IBANK.PERMISSION (ID,DEL_FLAG,DELETED_ON,VERSION,CATEGORY,CODE,DESCRIPTION,NAME,USER_TYPE) values (100,'N',null,1,null,'GET_ACCT_CLASS_RESTRICT','Get Account Class Restriction','Get Account Class Restriction','RETAIL');
Insert into IBANK.PERMISSION (ID,DEL_FLAG,DELETED_ON,VERSION,CATEGORY,CODE,DESCRIPTION,NAME,USER_TYPE) values (101,'N',null,0,null,'GET_ACCT_RESTRICT','Get Account Restriction','Get Account Restriction','RETAIL');
Insert into IBANK.PERMISSION (ID,DEL_FLAG,DELETED_ON,VERSION,CATEGORY,CODE,DESCRIPTION,NAME,USER_TYPE) values (102,'N',null,0,null,'GET_SERV_REQ_CONFIG','Get  a Service Request Configuration Details','Get Service Request Config Detail','RETAIL');
Insert into IBANK.PERMISSION (ID,DEL_FLAG,DELETED_ON,VERSION,CATEGORY,CODE,DESCRIPTION,NAME,USER_TYPE) values (103,'Y',null,1,null,'GET_SERV_REQ_CONFIGS','Get Service Request Configurations','Get Service Request Configurations','RETAIL');
Insert into IBANK.PERMISSION (ID,DEL_FLAG,DELETED_ON,VERSION,CATEGORY,CODE,DESCRIPTION,NAME,USER_TYPE) values (104,'N',null,0,null,'ADD_BENEFICIARY','Add Corporate Beneficiary','Add Corporate Beneficiary','CORPORATE');
Insert into IBANK.PERMISSION (ID,DEL_FLAG,DELETED_ON,VERSION,CATEGORY,CODE,DESCRIPTION,NAME,USER_TYPE) values (105,'N',null,0,null,'DELETE_BENEFICIARY','Delete Corporate Beneficiary','Delete Corporate Beneficiary','CORPORATE');
Insert into IBANK.PERMISSION (ID,DEL_FLAG,DELETED_ON,VERSION,CATEGORY,CODE,DESCRIPTION,NAME,USER_TYPE) values (106,'N',null,0,null,'GET_BENEFICIARIES','Get Corporate Beneficiaries','Get Corporate Beneficiaries','CORPORATE');
Insert into IBANK.PERMISSION (ID,DEL_FLAG,DELETED_ON,VERSION,CATEGORY,CODE,DESCRIPTION,NAME,USER_TYPE) values (107,'N',null,0,null,'GET_BENEFICIARIES','Get Retail Beneficiaries','Get Retail Beneficiaries','RETAIL');
Insert into IBANK.PERMISSION (ID,DEL_FLAG,DELETED_ON,VERSION,CATEGORY,CODE,DESCRIPTION,NAME,USER_TYPE) values (108,'N',null,1,null,'ADD_BENEFICIARY','Add Retail Beneficiary','Add Retail Beneficiary','RETAIL');
Insert into IBANK.PERMISSION (ID,DEL_FLAG,DELETED_ON,VERSION,CATEGORY,CODE,DESCRIPTION,NAME,USER_TYPE) values (109,'N',null,0,null,'DELETE_BENEFICIARY','Delete Retail Beneficiary','Delete Retail Beneficiary','RETAIL');
Insert into IBANK.PERMISSION (ID,DEL_FLAG,DELETED_ON,VERSION,CATEGORY,CODE,DESCRIPTION,NAME,USER_TYPE) values (110,'N',null,1,null,'ADD_CORPORATE','Create Corporate on Internet Banking','Create Corporate','OPERATIONS');
Insert into IBANK.PERMISSION (ID,DEL_FLAG,DELETED_ON,VERSION,CATEGORY,CODE,DESCRIPTION,NAME,USER_TYPE) values (111,'N',null,1,null,'DELETE_CORPORATE','Delete Corporate from Internet Banking','Delete Corporate','OPERATIONS');
Insert into IBANK.PERMISSION (ID,DEL_FLAG,DELETED_ON,VERSION,CATEGORY,CODE,DESCRIPTION,NAME,USER_TYPE) values (112,'N',null,1,null,'UPDATE_CORPORATE','Update Corporate Details','Update Corporate','OPERATIONS');
Insert into IBANK.PERMISSION (ID,DEL_FLAG,DELETED_ON,VERSION,CATEGORY,CODE,DESCRIPTION,NAME,USER_TYPE) values (113,'N',null,1,null,'GET_CORPORATE','Get Corporates','Get Corporates','OPERATIONS');
Insert into IBANK.PERMISSION (ID,DEL_FLAG,DELETED_ON,VERSION,CATEGORY,CODE,DESCRIPTION,NAME,USER_TYPE) values (114,'N',null,0,null,'GET_CORPORATE','Get Corporates','Get Corporates','CORPORATE');
Insert into IBANK.PERMISSION (ID,DEL_FLAG,DELETED_ON,VERSION,CATEGORY,CODE,DESCRIPTION,NAME,USER_TYPE) values (115,'N',null,0,null,'SET_CORPORATE_LIMIT','Set Corporate Limit','Set Corporate Limit','CORPORATE');
Insert into IBANK.PERMISSION (ID,DEL_FLAG,DELETED_ON,VERSION,CATEGORY,CODE,DESCRIPTION,NAME,USER_TYPE) values (116,'N',null,0,null,'UPDATE_CORPORATE_LIMIT','Update Corporate Limit','Update Corporate Limit','CORPORATE');
Insert into IBANK.PERMISSION (ID,DEL_FLAG,DELETED_ON,VERSION,CATEGORY,CODE,DESCRIPTION,NAME,USER_TYPE) values (117,'N',null,0,null,'GET_CORPORATE_LIMIT','Get Corporate Limit','Get Coporate Limit','CORPORATE');
Insert into IBANK.PERMISSION (ID,DEL_FLAG,DELETED_ON,VERSION,CATEGORY,CODE,DESCRIPTION,NAME,USER_TYPE) values (118,'N',null,0,null,'DELETE_CORPORATE_LIMIT','Delete Corporate Limit','Delete Corporate Limit','CORPORATE');
Insert into IBANK.PERMISSION (ID,DEL_FLAG,DELETED_ON,VERSION,CATEGORY,CODE,DESCRIPTION,NAME,USER_TYPE) values (119,'N',null,1,null,'UPDATE_CORPORATE_STATUS','Change Corporate Status','Change Corporate Status','OPERATIONS');
Insert into IBANK.PERMISSION (ID,DEL_FLAG,DELETED_ON,VERSION,CATEGORY,CODE,DESCRIPTION,NAME,USER_TYPE) values (120,'N',null,1,null,'ADD_CORPORATE_ACCOUNT','Add Corporate Account','Add Corporate Account','OPERATIONS');
Insert into IBANK.PERMISSION (ID,DEL_FLAG,DELETED_ON,VERSION,CATEGORY,CODE,DESCRIPTION,NAME,USER_TYPE) values (121,'N',null,0,null,'ADD_CORPORATE_ACCOUNT','Add Corporate Account','Add Corporate Account','CORPORATE');
Insert into IBANK.PERMISSION (ID,DEL_FLAG,DELETED_ON,VERSION,CATEGORY,CODE,DESCRIPTION,NAME,USER_TYPE) values (122,'N',null,0,null,'GET_CORPORATE_ACCOUNT','Get Corporate Accounts','Get Corporate Accounts','CORPORATE');
Insert into IBANK.PERMISSION (ID,DEL_FLAG,DELETED_ON,VERSION,CATEGORY,CODE,DESCRIPTION,NAME,USER_TYPE) values (123,'N',null,1,null,'GET_CORPORATE_ACCOUNT','Get Corporate Accounts','Get Corporate Accounts','OPERATIONS');
Insert into IBANK.PERMISSION (ID,DEL_FLAG,DELETED_ON,VERSION,CATEGORY,CODE,DESCRIPTION,NAME,USER_TYPE) values (124,'N',null,1,null,'ADD_CORPORATE_RULE','Add Corporate Rule','Add Corporate Rule','OPERATIONS');
Insert into IBANK.PERMISSION (ID,DEL_FLAG,DELETED_ON,VERSION,CATEGORY,CODE,DESCRIPTION,NAME,USER_TYPE) values (125,'N',null,1,null,'GET_CORPORATE_RULE','Get Corporate Rules','Get Corporate Rules','OPERATIONS');
Insert into IBANK.PERMISSION (ID,DEL_FLAG,DELETED_ON,VERSION,CATEGORY,CODE,DESCRIPTION,NAME,USER_TYPE) values (126,'N',null,1,null,'UPDATE_CORPORATE_RULE','Update Corporate Rule','Update Corporate Rule','OPERATIONS');
Insert into IBANK.PERMISSION (ID,DEL_FLAG,DELETED_ON,VERSION,CATEGORY,CODE,DESCRIPTION,NAME,USER_TYPE) values (127,'N',null,1,null,'DELETE_CORPORATE_RULE','Delete Corporate Rules','Delete Corporate Rules','OPERATIONS');
Insert into IBANK.PERMISSION (ID,DEL_FLAG,DELETED_ON,VERSION,CATEGORY,CODE,DESCRIPTION,NAME,USER_TYPE) values (128,'N',null,1,null,'GET_CORPORATE_USER','Get Corporate Users','Get Corporate Users','OPERATIONS');
Insert into IBANK.PERMISSION (ID,DEL_FLAG,DELETED_ON,VERSION,CATEGORY,CODE,DESCRIPTION,NAME,USER_TYPE) values (129,'Y',null,0,null,'GET_CORPORATE_USER','Get Corporate Users','Get Corporate Users','CORPORATE');
Insert into IBANK.PERMISSION (ID,DEL_FLAG,DELETED_ON,VERSION,CATEGORY,CODE,DESCRIPTION,NAME,USER_TYPE) values (130,'N',null,1,null,'UPDATE_CORP_USER_STATUS','Change Corporate User Status','Change Corporate User Status','OPERATIONS');
Insert into IBANK.PERMISSION (ID,DEL_FLAG,DELETED_ON,VERSION,CATEGORY,CODE,DESCRIPTION,NAME,USER_TYPE) values (131,'N',null,0,null,'UPDATE_CORP_USER_STATUS','Change Corporate User Status','Change Corporate User Status','CORPORATE');
Insert into IBANK.PERMISSION (ID,DEL_FLAG,DELETED_ON,VERSION,CATEGORY,CODE,DESCRIPTION,NAME,USER_TYPE) values (132,'N',null,0,null,'GET_TRANSFER_RULE','Get Transfer Rules','Get Transfer Rules','CORPORATE');
Insert into IBANK.PERMISSION (ID,DEL_FLAG,DELETED_ON,VERSION,CATEGORY,CODE,DESCRIPTION,NAME,USER_TYPE) values (133,'N',null,0,null,'GET_TRANSFER_RULE','Get Transfer Rules','Get Transfer Rules','ADMIN');
Insert into IBANK.PERMISSION (ID,DEL_FLAG,DELETED_ON,VERSION,CATEGORY,CODE,DESCRIPTION,NAME,USER_TYPE) values (134,'N',null,1,null,'UPDATE_CORPORATE_USER','Update Corporate User','Update Corporate User','OPERATIONS');
Insert into IBANK.PERMISSION (ID,DEL_FLAG,DELETED_ON,VERSION,CATEGORY,CODE,DESCRIPTION,NAME,USER_TYPE) values (135,'Y',null,0,null,'UPDATE_CORPORATE_USER','Update Corporate User','Update Corporate User','CORPORATE');
Insert into IBANK.PERMISSION (ID,DEL_FLAG,DELETED_ON,VERSION,CATEGORY,CODE,DESCRIPTION,NAME,USER_TYPE) values (136,'N',null,1,null,'ADD_CORPORATE_USER','Add Corporate User','Add Corporate User','OPERATIONS');
Insert into IBANK.PERMISSION (ID,DEL_FLAG,DELETED_ON,VERSION,CATEGORY,CODE,DESCRIPTION,NAME,USER_TYPE) values (137,'Y',null,0,null,'ADD_CORPORATE_USER','Add Corporate User','Add Corporate User','CORPORATE');
Insert into IBANK.PERMISSION (ID,DEL_FLAG,DELETED_ON,VERSION,CATEGORY,CODE,DESCRIPTION,NAME,USER_TYPE) values (138,'N',null,1,null,'DELETE_CORPORATE_USER','Delete Corporate User','Delete Corporate User','OPERATIONS');
Insert into IBANK.PERMISSION (ID,DEL_FLAG,DELETED_ON,VERSION,CATEGORY,CODE,DESCRIPTION,NAME,USER_TYPE) values (139,'Y',null,0,null,'DELETE_CORPORATE_USER','Delete Corporate User','Delete Corporate User','CORPORATE');
Insert into IBANK.PERMISSION (ID,DEL_FLAG,DELETED_ON,VERSION,CATEGORY,CODE,DESCRIPTION,NAME,USER_TYPE) values (140,'N',null,0,null,'ADD_FIN_INST','Add Financial Institution','Add Financial Institution','ADMIN');
Insert into IBANK.PERMISSION (ID,DEL_FLAG,DELETED_ON,VERSION,CATEGORY,CODE,DESCRIPTION,NAME,USER_TYPE) values (141,'N',null,0,null,'UPDATE_FIN_INST','Update Financial Institution','Update Financial Institution','ADMIN');
Insert into IBANK.PERMISSION (ID,DEL_FLAG,DELETED_ON,VERSION,CATEGORY,CODE,DESCRIPTION,NAME,USER_TYPE) values (142,'N',null,0,null,'DELETE_FIN_INST','Delete Financial Institution','Delete Financial Institution','ADMIN');
Insert into IBANK.PERMISSION (ID,DEL_FLAG,DELETED_ON,VERSION,CATEGORY,CODE,DESCRIPTION,NAME,USER_TYPE) values (143,'N',null,0,null,'GET_FIN_INST','Get Finanacial Institutions','Get Finanacial Institutions','ADMIN');
Insert into IBANK.PERMISSION (ID,DEL_FLAG,DELETED_ON,VERSION,CATEGORY,CODE,DESCRIPTION,NAME,USER_TYPE) values (144,'N',null,0,null,'SEND_EMAIL','Send Email','Send Email','ADMIN');
Insert into IBANK.PERMISSION (ID,DEL_FLAG,DELETED_ON,VERSION,CATEGORY,CODE,DESCRIPTION,NAME,USER_TYPE) values (145,'N',null,0,null,'SEND_EMAIL','Send Email','Send Email','OPERATIONS');
Insert into IBANK.PERMISSION (ID,DEL_FLAG,DELETED_ON,VERSION,CATEGORY,CODE,DESCRIPTION,NAME,USER_TYPE) values (146,'N',null,0,null,'SEND_EMAIL','Send Email','Send Email','RETAIL');
Insert into IBANK.PERMISSION (ID,DEL_FLAG,DELETED_ON,VERSION,CATEGORY,CODE,DESCRIPTION,NAME,USER_TYPE) values (147,'N',null,0,null,'SEND_EMAIL','Send Email','Send Email','CORPORATE');
Insert into IBANK.PERMISSION (ID,DEL_FLAG,DELETED_ON,VERSION,CATEGORY,CODE,DESCRIPTION,NAME,USER_TYPE) values (148,'N',null,0,null,'GET_OPS_USER','Get Operations User','Get Operations User','OPERATIONS');
Insert into IBANK.PERMISSION (ID,DEL_FLAG,DELETED_ON,VERSION,CATEGORY,CODE,DESCRIPTION,NAME,USER_TYPE) values (149,'N',null,0,null,'GET_OPS_USER','Get Operations User','Get Operations User','ADMIN');
Insert into IBANK.PERMISSION (ID,DEL_FLAG,DELETED_ON,VERSION,CATEGORY,CODE,DESCRIPTION,NAME,USER_TYPE) values (150,'N',null,0,null,'UPDATE_OPS_USER','Update Operations User','Update Operations User','ADMIN');
Insert into IBANK.PERMISSION (ID,DEL_FLAG,DELETED_ON,VERSION,CATEGORY,CODE,DESCRIPTION,NAME,USER_TYPE) values (151,'N',null,0,null,'UPDATE_OPS_STATUS','Update Operations User Activation Status','Update Operations User','ADMIN');
Insert into IBANK.PERMISSION (ID,DEL_FLAG,DELETED_ON,VERSION,CATEGORY,CODE,DESCRIPTION,NAME,USER_TYPE) values (152,'N',null,0,null,'DELETE_OPS_USER','Delete Operations User','Delete Operations User','ADMIN');
Insert into IBANK.PERMISSION (ID,DEL_FLAG,DELETED_ON,VERSION,CATEGORY,CODE,DESCRIPTION,NAME,USER_TYPE) values (153,'N',null,0,null,'ADD_OPS_USER','Add Operations User','Add Operations User','ADMIN');
Insert into IBANK.PERMISSION (ID,DEL_FLAG,DELETED_ON,VERSION,CATEGORY,CODE,DESCRIPTION,NAME,USER_TYPE) values (154,'N',null,0,null,'REQUEST_HISTORY','Request History Management','Request History Management','OPERATIONS');
Insert into IBANK.PERMISSION (ID,DEL_FLAG,DELETED_ON,VERSION,CATEGORY,CODE,DESCRIPTION,NAME,USER_TYPE) values (155,'N',null,1,null,'GET_RETAIL_USER','View Retail Users','View Retail Users','OPERATIONS');
Insert into IBANK.PERMISSION (ID,DEL_FLAG,DELETED_ON,VERSION,CATEGORY,CODE,DESCRIPTION,NAME,USER_TYPE) values (156,'N',null,1,null,'GET_RETAIL_USER','View Retail Users','View Retail Users','OPERATIONS');
Insert into IBANK.PERMISSION (ID,DEL_FLAG,DELETED_ON,VERSION,CATEGORY,CODE,DESCRIPTION,NAME,USER_TYPE) values (157,'N',null,0,null,'GET_RETAIL_USER','View Retail User Details','View User Details','RETAIL');
Insert into IBANK.PERMISSION (ID,DEL_FLAG,DELETED_ON,VERSION,CATEGORY,CODE,DESCRIPTION,NAME,USER_TYPE) values (158,'N',null,1,null,'DELETE_RETAIL_USER','Delete Retail User','Delete Retail User','OPERATIONS');
Insert into IBANK.PERMISSION (ID,DEL_FLAG,DELETED_ON,VERSION,CATEGORY,CODE,DESCRIPTION,NAME,USER_TYPE) values (159,'N',null,0,null,'UPDATE_RETAIL_USER','Update Retail User Details','Update Retail User Details','RETAIL');
Insert into IBANK.PERMISSION (ID,DEL_FLAG,DELETED_ON,VERSION,CATEGORY,CODE,DESCRIPTION,NAME,USER_TYPE) values (160,'N',null,1,null,'UPDATE_RETAIL_USER','Update Retail User Details','Update Retail User Details','OPERATIONS');
Insert into IBANK.PERMISSION (ID,DEL_FLAG,DELETED_ON,VERSION,CATEGORY,CODE,DESCRIPTION,NAME,USER_TYPE) values (161,'N',null,0,null,'GET_ROLE','Get System Roles','Get Roles','ADMIN');
Insert into IBANK.PERMISSION (ID,DEL_FLAG,DELETED_ON,VERSION,CATEGORY,CODE,DESCRIPTION,NAME,USER_TYPE) values (162,'N',null,0,null,'ADD_ROLE','Add System Roles','Add Roles','ADMIN');
Insert into IBANK.PERMISSION (ID,DEL_FLAG,DELETED_ON,VERSION,CATEGORY,CODE,DESCRIPTION,NAME,USER_TYPE) values (163,'N',null,0,null,'UPDATE_ROLE','Update System Roles','Update Roles','ADMIN');
Insert into IBANK.PERMISSION (ID,DEL_FLAG,DELETED_ON,VERSION,CATEGORY,CODE,DESCRIPTION,NAME,USER_TYPE) values (164,'N',null,0,null,'DELETE_ROLE','Delete Role','Delete Role','ADMIN');
Insert into IBANK.PERMISSION (ID,DEL_FLAG,DELETED_ON,VERSION,CATEGORY,CODE,DESCRIPTION,NAME,USER_TYPE) values (165,'N',null,2,null,'GET_TRANS_LIMIT','Get Transaction Limits','Get Transaction Limits','OPERATIONS');
Insert into IBANK.PERMISSION (ID,DEL_FLAG,DELETED_ON,VERSION,CATEGORY,CODE,DESCRIPTION,NAME,USER_TYPE) values (166,'N',null,0,null,'UPDATE_TRANS_LIMIT','Update Transaction Limit','Update Transaction Limit','OPERATIONS');
Insert into IBANK.PERMISSION (ID,DEL_FLAG,DELETED_ON,VERSION,CATEGORY,CODE,DESCRIPTION,NAME,USER_TYPE) values (167,'N',null,0,null,'ADD_TRANS_LIMIT','Add Transaction Limit','Add Transaction Limit','OPERATIONS');
Insert into IBANK.PERMISSION (ID,DEL_FLAG,DELETED_ON,VERSION,CATEGORY,CODE,DESCRIPTION,NAME,USER_TYPE) values (168,'N',null,0,null,'DELETE_TRANS_LIMIT','Delete Transaction Limit','Delete Transaction Limit','OPERATIONS');
Insert into IBANK.PERMISSION (ID,DEL_FLAG,DELETED_ON,VERSION,CATEGORY,CODE,DESCRIPTION,NAME,USER_TYPE) values (169,'N',null,0,null,'MAKE_TRANSFER','Perform Transfer','Perform Transfer','RETAIL');
Insert into IBANK.PERMISSION (ID,DEL_FLAG,DELETED_ON,VERSION,CATEGORY,CODE,DESCRIPTION,NAME,USER_TYPE) values (170,'N',null,0,null,'GET_TRANSFER','Get Transfers','Get Tranfers','RETAIL');
Insert into IBANK.PERMISSION (ID,DEL_FLAG,DELETED_ON,VERSION,CATEGORY,CODE,DESCRIPTION,NAME,USER_TYPE) values (171,'N',null,0,null,'GET_USER_GRP','Get User groups','Get User groups','ADMIN');
Insert into IBANK.PERMISSION (ID,DEL_FLAG,DELETED_ON,VERSION,CATEGORY,CODE,DESCRIPTION,NAME,USER_TYPE) values (172,'N',null,0,null,'ADD_USER_GRP','Add User Group','Add User Group','ADMIN');
Insert into IBANK.PERMISSION (ID,DEL_FLAG,DELETED_ON,VERSION,CATEGORY,CODE,DESCRIPTION,NAME,USER_TYPE) values (173,'N',null,0,null,'UPDATE_USER_GRP','Update User Group','Update User Group','ADMIN');
Insert into IBANK.PERMISSION (ID,DEL_FLAG,DELETED_ON,VERSION,CATEGORY,CODE,DESCRIPTION,NAME,USER_TYPE) values (174,'N',null,0,null,'DELETE_USER_GRP','Delete User Group','Delete User Group','ADMIN');
Insert into IBANK.PERMISSION (ID,DEL_FLAG,DELETED_ON,VERSION,CATEGORY,CODE,DESCRIPTION,NAME,USER_TYPE) values (175,'N',null,0,null,'UNATTENDED_REQUESTS','No of Unattended Requests','View No of Unattended Requests','OPERATIONS');
Insert into IBANK.PERMISSION (ID,DEL_FLAG,DELETED_ON,VERSION,CATEGORY,CODE,DESCRIPTION,NAME,USER_TYPE) values (176,'N',null,0,null,'GET_SERVICE_REQUEST','Get Service Requests','Get Service Requests','OPERATIONS');
Insert into IBANK.PERMISSION (ID,DEL_FLAG,DELETED_ON,VERSION,CATEGORY,CODE,DESCRIPTION,NAME,USER_TYPE) values (177,'N',null,0,null,'GET_SERVICE_REQUEST','Get Service Requests','Get Service Requests','RETAIL');
Insert into IBANK.PERMISSION (ID,DEL_FLAG,DELETED_ON,VERSION,CATEGORY,CODE,DESCRIPTION,NAME,USER_TYPE) values (178,'N',null,0,null,'ADD_SERVICE_REQUEST','Add Service Request','Add Service Request','RETAIL');
Insert into IBANK.PERMISSION (ID,DEL_FLAG,DELETED_ON,VERSION,CATEGORY,CODE,DESCRIPTION,NAME,USER_TYPE) values (179,'N',null,0,null,'ADD_SERVICE_REQUEST','Add Service Request','Add Service Request','CORPORATE');
Insert into IBANK.PERMISSION (ID,DEL_FLAG,DELETED_ON,VERSION,CATEGORY,CODE,DESCRIPTION,NAME,USER_TYPE) values (180,'N',null,0,null,'GET_SERVICE_REQUEST','Get Service Requests','Get Service Requests','CORPORATE');
Insert into IBANK.PERMISSION (ID,DEL_FLAG,DELETED_ON,VERSION,CATEGORY,CODE,DESCRIPTION,NAME,USER_TYPE) values (181,'N',null,0,null,'GET_SERV_REQ_CONFIG','Get Service Request Configurations','Get Service Request Configurations','CORPORATE');
Insert into IBANK.PERMISSION (ID,DEL_FLAG,DELETED_ON,VERSION,CATEGORY,CODE,DESCRIPTION,NAME,USER_TYPE) values (182,'N',null,0,null,'GET_USER_GRP','Get User groups','Get User groups','RETAIL');
Insert into IBANK.PERMISSION (ID,DEL_FLAG,DELETED_ON,VERSION,CATEGORY,CODE,DESCRIPTION,NAME,USER_TYPE) values (183,'N',null,0,null,'GET_USER_GRP','Get User groups','Get User groups','CORPORATE');
Insert into IBANK.PERMISSION (ID,DEL_FLAG,DELETED_ON,VERSION,CATEGORY,CODE,DESCRIPTION,NAME,USER_TYPE) values (184,'N',null,0,null,'GET_CODES','Get Configuration Codes','Get Codes','CORPORATE');
Insert into IBANK.PERMISSION (ID,DEL_FLAG,DELETED_ON,VERSION,CATEGORY,CODE,DESCRIPTION,NAME,USER_TYPE) values (185,'N',null,0,null,'GET_CODE','Get Configuration Codes','Get Code','CORPORATE');
Insert into IBANK.PERMISSION (ID,DEL_FLAG,DELETED_ON,VERSION,CATEGORY,CODE,DESCRIPTION,NAME,USER_TYPE) values (186,'N',null,0,null,'GET_SERV_REQ_CONFIG','Get Service Request Configurations Ops','Get Service Request Configurations Ops','OPERATIONS');
Insert into IBANK.PERMISSION (ID,DEL_FLAG,DELETED_ON,VERSION,CATEGORY,CODE,DESCRIPTION,NAME,USER_TYPE) values (187,'N',null,0,null,'GET_CODES','Get Configuration Codes','Get Codes','OPERATIONS');
Insert into IBANK.PERMISSION (ID,DEL_FLAG,DELETED_ON,VERSION,CATEGORY,CODE,DESCRIPTION,NAME,USER_TYPE) values (188,'N',null,0,null,'GET_CODE','Get Configuration Codes','Get Code','OPERATIONS');
Insert into IBANK.PERMISSION (ID,DEL_FLAG,DELETED_ON,VERSION,CATEGORY,CODE,DESCRIPTION,NAME,USER_TYPE) values (189,'N',null,0,null,'GET_FIN_INST','Get Finanacial Institutions','Get Finanacial Institutions','RETAIL');
Insert into IBANK.PERMISSION (ID,DEL_FLAG,DELETED_ON,VERSION,CATEGORY,CODE,DESCRIPTION,NAME,USER_TYPE) values (190,'N',null,0,null,'GET_ROLE','Get Role','Get Role','RETAIL');
Insert into IBANK.PERMISSION (ID,DEL_FLAG,DELETED_ON,VERSION,CATEGORY,CODE,DESCRIPTION,NAME,USER_TYPE) values (191,'N',null,0,null,'GET_ROLE','Get Role','Get Role','CORPORATE');
Insert into IBANK.PERMISSION (ID,DEL_FLAG,DELETED_ON,VERSION,CATEGORY,CODE,DESCRIPTION,NAME,USER_TYPE) values (300,'Y',null,0,null,'USER_MANAGEMENT','Manages corporate users','Manage corporate users','CORPORATE');
Insert into IBANK.PERMISSION (ID,DEL_FLAG,DELETED_ON,VERSION,CATEGORY,CODE,DESCRIPTION,NAME,USER_TYPE) values (792,'Y',null,1,null,'USER_MANAGEMENT','User Management for ops','User Management for ops','OPERATIONS');
Insert into IBANK.PERMISSION (ID,DEL_FLAG,DELETED_ON,VERSION,CATEGORY,CODE,DESCRIPTION,NAME,USER_TYPE) values (432,'N',null,1,null,'UPDATE_RETAIL_STATUS','Update Retail User Activation Status','Update Retail Status','OPERATIONS');
Insert into IBANK.PERMISSION (ID,DEL_FLAG,DELETED_ON,VERSION,CATEGORY,CODE,DESCRIPTION,NAME,USER_TYPE) values (1296,'N',null,0,null,'ADD_FAQ','Add Frequently Asked Questions','Add FAQ','ADMIN');
Insert into IBANK.PERMISSION (ID,DEL_FLAG,DELETED_ON,VERSION,CATEGORY,CODE,DESCRIPTION,NAME,USER_TYPE) values (1299,'N',null,0,null,'UPDATE_FAQ','Update Frequently asked questions','Update','ADMIN');
Insert into IBANK.PERMISSION (ID,DEL_FLAG,DELETED_ON,VERSION,CATEGORY,CODE,DESCRIPTION,NAME,USER_TYPE) values (1302,'N',null,0,null,'DELETE_FAQ','Delete Frequently Asked Questions','Delete FAQ','ADMIN');
Insert into IBANK.PERMISSION (ID,DEL_FLAG,DELETED_ON,VERSION,CATEGORY,CODE,DESCRIPTION,NAME,USER_TYPE) values (1305,'N',null,0,null,'AD_SQ','Add Security Question for customers','Add Security Question','ADMIN');
Insert into IBANK.PERMISSION (ID,DEL_FLAG,DELETED_ON,VERSION,CATEGORY,CODE,DESCRIPTION,NAME,USER_TYPE) values (1308,'N',null,0,null,'UPDATE_SQ','Update Security Question','Update Security Question','ADMIN');
Insert into IBANK.PERMISSION (ID,DEL_FLAG,DELETED_ON,VERSION,CATEGORY,CODE,DESCRIPTION,NAME,USER_TYPE) values (1311,'N',null,0,null,'DELETE_SQ','Delete Security Questions for customers','Delete Security Question','ADMIN');
Insert into IBANK.PERMISSION (ID,DEL_FLAG,DELETED_ON,VERSION,CATEGORY,CODE,DESCRIPTION,NAME,USER_TYPE) values (3087,'N',null,0,null,'ADD_CORPORATE_ROLE','Adds corporate approval role','Add Corporate Role','OPERATIONS');
Insert into IBANK.PERMISSION (ID,DEL_FLAG,DELETED_ON,VERSION,CATEGORY,CODE,DESCRIPTION,NAME,USER_TYPE) values (3090,'N',null,0,null,'UPDATE_CORPORATE_ROLE','Updates corporate approval role','Update Corporate Role','OPERATIONS');
Insert into IBANK.PERMISSION (ID,DEL_FLAG,DELETED_ON,VERSION,CATEGORY,CODE,DESCRIPTION,NAME,USER_TYPE) values (3093,'N',null,0,null,'DELETE_CORPORATE_ROLE','Delete corporate approval role','Delete Corporate Role','OPERATIONS');
Insert into IBANK.PERMISSION (ID,DEL_FLAG,DELETED_ON,VERSION,CATEGORY,CODE,DESCRIPTION,NAME,USER_TYPE) values (500,'N',null,0,null,'TOKEN_MANAGEMENT','Manages tokens','Manage tokens','ADMIN');
Insert into IBANK.PERMISSION (ID,DEL_FLAG,DELETED_ON,VERSION,CATEGORY,CODE,DESCRIPTION,NAME,USER_TYPE) values (2983,'N',null,0,null,'STANDING_ORDER','Standing Order menu','Standing Order','CORPORATE');
Insert into IBANK.PERMISSION (ID,DEL_FLAG,DELETED_ON,VERSION,CATEGORY,CODE,DESCRIPTION,NAME,USER_TYPE) values (2986,'N',null,0,null,'TRANSFER_REQUEST','Transfer Request Menu','Transfer Request','CORPORATE');
Insert into IBANK.PERMISSION (ID,DEL_FLAG,DELETED_ON,VERSION,CATEGORY,CODE,DESCRIPTION,NAME,USER_TYPE) values (2989,'Y',to_timestamp('11-JUL-17 05.25.26.944000000 PM','DD-MON-RR HH.MI.SSXFF AM'),1,null,'MANAGE_BILL_PAYMENT','Manage Bill Payment Menu','Manage Bil Payment','CORPORATE');
Insert into IBANK.PERMISSION (ID,DEL_FLAG,DELETED_ON,VERSION,CATEGORY,CODE,DESCRIPTION,NAME,USER_TYPE) values (2992,'Y',to_timestamp('11-JUL-17 05.25.56.969000000 PM','DD-MON-RR HH.MI.SSXFF AM'),1,null,'MANAGE_INVESTMENT','Manage Investment menu','Manage Investment','CORPORATE');
Insert into IBANK.PERMISSION (ID,DEL_FLAG,DELETED_ON,VERSION,CATEGORY,CODE,DESCRIPTION,NAME,USER_TYPE) values (2995,'N',null,0,null,'MANAGE_SERV_REQ','Manage Service Request menu','Manage Service Request','CORPORATE');
Insert into IBANK.PERMISSION (ID,DEL_FLAG,DELETED_ON,VERSION,CATEGORY,CODE,DESCRIPTION,NAME,USER_TYPE) values (2998,'N',null,0,null,'TRACK_SERV_REQ','Track Service Request Menu','Track Service Request','CORPORATE');
Insert into IBANK.PERMISSION (ID,DEL_FLAG,DELETED_ON,VERSION,CATEGORY,CODE,DESCRIPTION,NAME,USER_TYPE) values (3001,'N',null,0,null,'MAKE_SERV_REQ','Make Service Requests Menu','Make Service Requests','CORPORATE');
Insert into IBANK.PERMISSION (ID,DEL_FLAG,DELETED_ON,VERSION,CATEGORY,CODE,DESCRIPTION,NAME,USER_TYPE) values (3004,'N',null,0,null,'CORP_USER_SETTINGS','Corporate User Settings Menu','Corporate User Settings','CORPORATE');
Insert into IBANK.PERMISSION (ID,DEL_FLAG,DELETED_ON,VERSION,CATEGORY,CODE,DESCRIPTION,NAME,USER_TYPE) values (3007,'N',null,0,null,'SET_ALERT_PREFERENCE','Set Alert Preference Menu','Set Alert Preference','CORPORATE');
Insert into IBANK.PERMISSION (ID,DEL_FLAG,DELETED_ON,VERSION,CATEGORY,CODE,DESCRIPTION,NAME,USER_TYPE) values (3021,'N',null,0,null,'CORP_CHANGE_PASSWORD','Change Password Menu ','Corporate Change Password','CORPORATE');
Insert into IBANK.PERMISSION (ID,DEL_FLAG,DELETED_ON,VERSION,CATEGORY,CODE,DESCRIPTION,NAME,USER_TYPE) values (3024,'N',null,0,null,'CORP_SYNC_TOKEN','Synchronise Token Menu','Synchronise Token','CORPORATE');
Insert into IBANK.PERMISSION (ID,DEL_FLAG,DELETED_ON,VERSION,CATEGORY,CODE,DESCRIPTION,NAME,USER_TYPE) values (3027,'N',null,0,null,'CORP_LOST_TOKEN','Report Lost Token Menu','Report Lost Token','CORPORATE');
Insert into IBANK.PERMISSION (ID,DEL_FLAG,DELETED_ON,VERSION,CATEGORY,CODE,DESCRIPTION,NAME,USER_TYPE) values (3030,'N',null,0,null,'MANAGE_BEN','Manage Beneficiary Menu','Manage Beneficiary','CORPORATE');
Insert into IBANK.PERMISSION (ID,DEL_FLAG,DELETED_ON,VERSION,CATEGORY,CODE,DESCRIPTION,NAME,USER_TYPE) values (3033,'N',null,0,null,'CORP_MAILBOX','Mailbox menu','Mailbox','CORPORATE');
Insert into IBANK.PERMISSION (ID,DEL_FLAG,DELETED_ON,VERSION,CATEGORY,CODE,DESCRIPTION,NAME,USER_TYPE) values (1863,'N',null,0,null,'ADD_AUTHORIZER_FROM_CORPORATE_ADMIN','Verify authorizer added by a corporate admin','Add new Approve new authorizer','OPERATIONS');
Insert into IBANK.PERMISSION (ID,DEL_FLAG,DELETED_ON,VERSION,CATEGORY,CODE,DESCRIPTION,NAME,USER_TYPE) values (3311,'N',null,0,null,'ADD_PERMISSION','Add a permission','Add Permission','ADMIN');
Insert into IBANK.PERMISSION (ID,DEL_FLAG,DELETED_ON,VERSION,CATEGORY,CODE,DESCRIPTION,NAME,USER_TYPE) values (3312,'N',null,0,null,'UPDATE_PERMISSION','Update a permission','Update Permission','ADMIN');
Insert into IBANK.PERMISSION (ID,DEL_FLAG,DELETED_ON,VERSION,CATEGORY,CODE,DESCRIPTION,NAME,USER_TYPE) values (3313,'N',null,0,null,'DELETE_PERMISSION','Delete a permission','Delete Permission','ADMIN');
Insert into IBANK.PERMISSION (ID,DEL_FLAG,DELETED_ON,VERSION,CATEGORY,CODE,DESCRIPTION,NAME,USER_TYPE) values (3315,'N',null,0,null,'VIEW_AUDIT','View audits','View Audit','ADMIN');
Insert into IBANK.PERMISSION (ID,DEL_FLAG,DELETED_ON,VERSION,CATEGORY,CODE,DESCRIPTION,NAME,USER_TYPE) values (3316,'N',null,0,null,'MANAGE_CONTENT','Manage content','Manage Content','ADMIN');
Insert into IBANK.PERMISSION (ID,DEL_FLAG,DELETED_ON,VERSION,CATEGORY,CODE,DESCRIPTION,NAME,USER_TYPE) values (3317,'N',null,1,null,'VIEW_OPS_VERIFICATIONS','View verifications on Operations console','View Ops Verifications','OPERATIONS');
Insert into IBANK.PERMISSION (ID,DEL_FLAG,DELETED_ON,VERSION,CATEGORY,CODE,DESCRIPTION,NAME,USER_TYPE) values (3318,'N',null,1,null,'VIEW_ADMIN_VERIFICATIONS','View verifications on Admin console','View Admin Verifications','ADMIN');
Insert into IBANK.PERMISSION (ID,DEL_FLAG,DELETED_ON,VERSION,CATEGORY,CODE,DESCRIPTION,NAME,USER_TYPE) values (3401,'N',null,0,null,'UPDATE_USER_FROM_CORPORATE_ADMIN','Verify corporate user updated by corporate Admin','Verify updated Corporate user','OPERATIONS');

Insert into IBANK.ROLE (ID,DEL_FLAG,DELETED_ON,VERSION,DESCRIPTION,EMAIL,NAME,USER_TYPE) values (1,'N',null,22,'Role for an Admin',null,'Default Admin','ADMIN');
Insert into IBANK.ROLE (ID,DEL_FLAG,DELETED_ON,VERSION,DESCRIPTION,EMAIL,NAME,USER_TYPE) values (9521,'N',null,0,'Role for an Operator',null,'Default Operator','OPERATIONS');
Insert into IBANK.ROLE (ID,DEL_FLAG,DELETED_ON,VERSION,DESCRIPTION,EMAIL,NAME,USER_TYPE) values (9522,'N',null,0,'Role for a Retail User',null,'RETAIL','RETAIL');
Insert into IBANK.ROLE (ID,DEL_FLAG,DELETED_ON,VERSION,DESCRIPTION,EMAIL,NAME,USER_TYPE) values (9523,'N',null,0,'Role for a corporate user',null,'Default Corporate','CORPORATE');

Insert into IBANK.ROLE_PERMISSION (ROLE_ID,PERMISSION_ID) values (1,987);
Insert into IBANK.ROLE_PERMISSION (ROLE_ID,PERMISSION_ID) values (1,564);
Insert into IBANK.ROLE_PERMISSION (ROLE_ID,PERMISSION_ID) values (1,1);
Insert into IBANK.ROLE_PERMISSION (ROLE_ID,PERMISSION_ID) values (1,2);
Insert into IBANK.ROLE_PERMISSION (ROLE_ID,PERMISSION_ID) values (1,30);
Insert into IBANK.ROLE_PERMISSION (ROLE_ID,PERMISSION_ID) values (1,34);
Insert into IBANK.ROLE_PERMISSION (ROLE_ID,PERMISSION_ID) values (1,37);
Insert into IBANK.ROLE_PERMISSION (ROLE_ID,PERMISSION_ID) values (1,47);
Insert into IBANK.ROLE_PERMISSION (ROLE_ID,PERMISSION_ID) values (1,48);
Insert into IBANK.ROLE_PERMISSION (ROLE_ID,PERMISSION_ID) values (1,51);
Insert into IBANK.ROLE_PERMISSION (ROLE_ID,PERMISSION_ID) values (1,52);
Insert into IBANK.ROLE_PERMISSION (ROLE_ID,PERMISSION_ID) values (1,53);
Insert into IBANK.ROLE_PERMISSION (ROLE_ID,PERMISSION_ID) values (1,54);
Insert into IBANK.ROLE_PERMISSION (ROLE_ID,PERMISSION_ID) values (1,55);
Insert into IBANK.ROLE_PERMISSION (ROLE_ID,PERMISSION_ID) values (1,56);
Insert into IBANK.ROLE_PERMISSION (ROLE_ID,PERMISSION_ID) values (1,57);
Insert into IBANK.ROLE_PERMISSION (ROLE_ID,PERMISSION_ID) values (1,58);
Insert into IBANK.ROLE_PERMISSION (ROLE_ID,PERMISSION_ID) values (1,59);
Insert into IBANK.ROLE_PERMISSION (ROLE_ID,PERMISSION_ID) values (1,60);
Insert into IBANK.ROLE_PERMISSION (ROLE_ID,PERMISSION_ID) values (1,61);
Insert into IBANK.ROLE_PERMISSION (ROLE_ID,PERMISSION_ID) values (1,62);
Insert into IBANK.ROLE_PERMISSION (ROLE_ID,PERMISSION_ID) values (1,64);
Insert into IBANK.ROLE_PERMISSION (ROLE_ID,PERMISSION_ID) values (1,65);
Insert into IBANK.ROLE_PERMISSION (ROLE_ID,PERMISSION_ID) values (1,76);
Insert into IBANK.ROLE_PERMISSION (ROLE_ID,PERMISSION_ID) values (1,77);
Insert into IBANK.ROLE_PERMISSION (ROLE_ID,PERMISSION_ID) values (1,78);
Insert into IBANK.ROLE_PERMISSION (ROLE_ID,PERMISSION_ID) values (1,79);
Insert into IBANK.ROLE_PERMISSION (ROLE_ID,PERMISSION_ID) values (1,80);
Insert into IBANK.ROLE_PERMISSION (ROLE_ID,PERMISSION_ID) values (1,81);
Insert into IBANK.ROLE_PERMISSION (ROLE_ID,PERMISSION_ID) values (1,82);
Insert into IBANK.ROLE_PERMISSION (ROLE_ID,PERMISSION_ID) values (1,83);
Insert into IBANK.ROLE_PERMISSION (ROLE_ID,PERMISSION_ID) values (1,84);
Insert into IBANK.ROLE_PERMISSION (ROLE_ID,PERMISSION_ID) values (1,85);
Insert into IBANK.ROLE_PERMISSION (ROLE_ID,PERMISSION_ID) values (1,86);
Insert into IBANK.ROLE_PERMISSION (ROLE_ID,PERMISSION_ID) values (1,87);
Insert into IBANK.ROLE_PERMISSION (ROLE_ID,PERMISSION_ID) values (1,88);
Insert into IBANK.ROLE_PERMISSION (ROLE_ID,PERMISSION_ID) values (1,89);
Insert into IBANK.ROLE_PERMISSION (ROLE_ID,PERMISSION_ID) values (1,90);
Insert into IBANK.ROLE_PERMISSION (ROLE_ID,PERMISSION_ID) values (1,91);
Insert into IBANK.ROLE_PERMISSION (ROLE_ID,PERMISSION_ID) values (1,92);
Insert into IBANK.ROLE_PERMISSION (ROLE_ID,PERMISSION_ID) values (1,93);
Insert into IBANK.ROLE_PERMISSION (ROLE_ID,PERMISSION_ID) values (1,94);
Insert into IBANK.ROLE_PERMISSION (ROLE_ID,PERMISSION_ID) values (1,133);
Insert into IBANK.ROLE_PERMISSION (ROLE_ID,PERMISSION_ID) values (1,140);
Insert into IBANK.ROLE_PERMISSION (ROLE_ID,PERMISSION_ID) values (1,141);
Insert into IBANK.ROLE_PERMISSION (ROLE_ID,PERMISSION_ID) values (1,142);
Insert into IBANK.ROLE_PERMISSION (ROLE_ID,PERMISSION_ID) values (1,143);
Insert into IBANK.ROLE_PERMISSION (ROLE_ID,PERMISSION_ID) values (1,144);
Insert into IBANK.ROLE_PERMISSION (ROLE_ID,PERMISSION_ID) values (1,149);
Insert into IBANK.ROLE_PERMISSION (ROLE_ID,PERMISSION_ID) values (1,150);
Insert into IBANK.ROLE_PERMISSION (ROLE_ID,PERMISSION_ID) values (1,151);
Insert into IBANK.ROLE_PERMISSION (ROLE_ID,PERMISSION_ID) values (1,152);
Insert into IBANK.ROLE_PERMISSION (ROLE_ID,PERMISSION_ID) values (1,153);
Insert into IBANK.ROLE_PERMISSION (ROLE_ID,PERMISSION_ID) values (1,161);
Insert into IBANK.ROLE_PERMISSION (ROLE_ID,PERMISSION_ID) values (1,162);
Insert into IBANK.ROLE_PERMISSION (ROLE_ID,PERMISSION_ID) values (1,163);
Insert into IBANK.ROLE_PERMISSION (ROLE_ID,PERMISSION_ID) values (1,164);
Insert into IBANK.ROLE_PERMISSION (ROLE_ID,PERMISSION_ID) values (1,171);
Insert into IBANK.ROLE_PERMISSION (ROLE_ID,PERMISSION_ID) values (1,172);
Insert into IBANK.ROLE_PERMISSION (ROLE_ID,PERMISSION_ID) values (1,173);
Insert into IBANK.ROLE_PERMISSION (ROLE_ID,PERMISSION_ID) values (1,174);
Insert into IBANK.ROLE_PERMISSION (ROLE_ID,PERMISSION_ID) values (1,1296);
Insert into IBANK.ROLE_PERMISSION (ROLE_ID,PERMISSION_ID) values (1,1299);
Insert into IBANK.ROLE_PERMISSION (ROLE_ID,PERMISSION_ID) values (1,1302);
Insert into IBANK.ROLE_PERMISSION (ROLE_ID,PERMISSION_ID) values (1,1305);
Insert into IBANK.ROLE_PERMISSION (ROLE_ID,PERMISSION_ID) values (1,1308);
Insert into IBANK.ROLE_PERMISSION (ROLE_ID,PERMISSION_ID) values (1,1311);
Insert into IBANK.ROLE_PERMISSION (ROLE_ID,PERMISSION_ID) values (1,500);
Insert into IBANK.ROLE_PERMISSION (ROLE_ID,PERMISSION_ID) values (1,3311);
Insert into IBANK.ROLE_PERMISSION (ROLE_ID,PERMISSION_ID) values (1,3312);
Insert into IBANK.ROLE_PERMISSION (ROLE_ID,PERMISSION_ID) values (1,3313);
Insert into IBANK.ROLE_PERMISSION (ROLE_ID,PERMISSION_ID) values (1,3315);
Insert into IBANK.ROLE_PERMISSION (ROLE_ID,PERMISSION_ID) values (1,3316);
Insert into IBANK.ROLE_PERMISSION (ROLE_ID,PERMISSION_ID) values (1,3318);
Insert into IBANK.ROLE_PERMISSION (ROLE_ID,PERMISSION_ID) values (9523,2904);
Insert into IBANK.ROLE_PERMISSION (ROLE_ID,PERMISSION_ID) values (9523,2907);
Insert into IBANK.ROLE_PERMISSION (ROLE_ID,PERMISSION_ID) values (9523,2918);
Insert into IBANK.ROLE_PERMISSION (ROLE_ID,PERMISSION_ID) values (9523,2921);
Insert into IBANK.ROLE_PERMISSION (ROLE_ID,PERMISSION_ID) values (9523,2924);
Insert into IBANK.ROLE_PERMISSION (ROLE_ID,PERMISSION_ID) values (9523,2948);
Insert into IBANK.ROLE_PERMISSION (ROLE_ID,PERMISSION_ID) values (9523,2958);
Insert into IBANK.ROLE_PERMISSION (ROLE_ID,PERMISSION_ID) values (9523,2961);
Insert into IBANK.ROLE_PERMISSION (ROLE_ID,PERMISSION_ID) values (9523,2974);
Insert into IBANK.ROLE_PERMISSION (ROLE_ID,PERMISSION_ID) values (9523,2977);
Insert into IBANK.ROLE_PERMISSION (ROLE_ID,PERMISSION_ID) values (9523,104);
Insert into IBANK.ROLE_PERMISSION (ROLE_ID,PERMISSION_ID) values (9523,105);
Insert into IBANK.ROLE_PERMISSION (ROLE_ID,PERMISSION_ID) values (9523,106);
Insert into IBANK.ROLE_PERMISSION (ROLE_ID,PERMISSION_ID) values (9523,107);
Insert into IBANK.ROLE_PERMISSION (ROLE_ID,PERMISSION_ID) values (9523,108);
Insert into IBANK.ROLE_PERMISSION (ROLE_ID,PERMISSION_ID) values (9523,109);
Insert into IBANK.ROLE_PERMISSION (ROLE_ID,PERMISSION_ID) values (9523,110);
Insert into IBANK.ROLE_PERMISSION (ROLE_ID,PERMISSION_ID) values (9523,111);
Insert into IBANK.ROLE_PERMISSION (ROLE_ID,PERMISSION_ID) values (9523,112);
Insert into IBANK.ROLE_PERMISSION (ROLE_ID,PERMISSION_ID) values (9523,114);
Insert into IBANK.ROLE_PERMISSION (ROLE_ID,PERMISSION_ID) values (9523,115);
Insert into IBANK.ROLE_PERMISSION (ROLE_ID,PERMISSION_ID) values (9523,116);
Insert into IBANK.ROLE_PERMISSION (ROLE_ID,PERMISSION_ID) values (9523,117);
Insert into IBANK.ROLE_PERMISSION (ROLE_ID,PERMISSION_ID) values (9523,118);
Insert into IBANK.ROLE_PERMISSION (ROLE_ID,PERMISSION_ID) values (9523,119);
Insert into IBANK.ROLE_PERMISSION (ROLE_ID,PERMISSION_ID) values (9523,120);
Insert into IBANK.ROLE_PERMISSION (ROLE_ID,PERMISSION_ID) values (9523,121);
Insert into IBANK.ROLE_PERMISSION (ROLE_ID,PERMISSION_ID) values (9523,122);
Insert into IBANK.ROLE_PERMISSION (ROLE_ID,PERMISSION_ID) values (9523,123);
Insert into IBANK.ROLE_PERMISSION (ROLE_ID,PERMISSION_ID) values (9523,124);
Insert into IBANK.ROLE_PERMISSION (ROLE_ID,PERMISSION_ID) values (9523,179);
Insert into IBANK.ROLE_PERMISSION (ROLE_ID,PERMISSION_ID) values (9523,180);
Insert into IBANK.ROLE_PERMISSION (ROLE_ID,PERMISSION_ID) values (9523,181);
Insert into IBANK.ROLE_PERMISSION (ROLE_ID,PERMISSION_ID) values (9523,182);
Insert into IBANK.ROLE_PERMISSION (ROLE_ID,PERMISSION_ID) values (9523,183);
Insert into IBANK.ROLE_PERMISSION (ROLE_ID,PERMISSION_ID) values (9523,184);
Insert into IBANK.ROLE_PERMISSION (ROLE_ID,PERMISSION_ID) values (9523,185);
Insert into IBANK.ROLE_PERMISSION (ROLE_ID,PERMISSION_ID) values (9523,186);
Insert into IBANK.ROLE_PERMISSION (ROLE_ID,PERMISSION_ID) values (9523,187);
Insert into IBANK.ROLE_PERMISSION (ROLE_ID,PERMISSION_ID) values (9523,188);
Insert into IBANK.ROLE_PERMISSION (ROLE_ID,PERMISSION_ID) values (9523,2986);
Insert into IBANK.ROLE_PERMISSION (ROLE_ID,PERMISSION_ID) values (9523,2995);
Insert into IBANK.ROLE_PERMISSION (ROLE_ID,PERMISSION_ID) values (9523,2998);
Insert into IBANK.ROLE_PERMISSION (ROLE_ID,PERMISSION_ID) values (9523,3001);
Insert into IBANK.ROLE_PERMISSION (ROLE_ID,PERMISSION_ID) values (9523,3004);
Insert into IBANK.ROLE_PERMISSION (ROLE_ID,PERMISSION_ID) values (9523,3030);
Insert into IBANK.ROLE_PERMISSION (ROLE_ID,PERMISSION_ID) values (9523,3007);
Insert into IBANK.ROLE_PERMISSION (ROLE_ID,PERMISSION_ID) values (9523,3021);
Insert into IBANK.ROLE_PERMISSION (ROLE_ID,PERMISSION_ID) values (9523,3024);
Insert into IBANK.ROLE_PERMISSION (ROLE_ID,PERMISSION_ID) values (9523,3027);
Insert into IBANK.ROLE_PERMISSION (ROLE_ID,PERMISSION_ID) values (9523,132);
Insert into IBANK.ROLE_PERMISSION (ROLE_ID,PERMISSION_ID) values (9523,131);
Insert into IBANK.ROLE_PERMISSION (ROLE_ID,PERMISSION_ID) values (9523,191);
Insert into IBANK.ROLE_PERMISSION (ROLE_ID,PERMISSION_ID) values (9521,27);
Insert into IBANK.ROLE_PERMISSION (ROLE_ID,PERMISSION_ID) values (9521,28);
Insert into IBANK.ROLE_PERMISSION (ROLE_ID,PERMISSION_ID) values (9521,29);
Insert into IBANK.ROLE_PERMISSION (ROLE_ID,PERMISSION_ID) values (9521,30);
Insert into IBANK.ROLE_PERMISSION (ROLE_ID,PERMISSION_ID) values (9521,31);
Insert into IBANK.ROLE_PERMISSION (ROLE_ID,PERMISSION_ID) values (9521,32);
Insert into IBANK.ROLE_PERMISSION (ROLE_ID,PERMISSION_ID) values (9521,33);
Insert into IBANK.ROLE_PERMISSION (ROLE_ID,PERMISSION_ID) values (9521,34);
Insert into IBANK.ROLE_PERMISSION (ROLE_ID,PERMISSION_ID) values (9521,35);
Insert into IBANK.ROLE_PERMISSION (ROLE_ID,PERMISSION_ID) values (9521,36);
Insert into IBANK.ROLE_PERMISSION (ROLE_ID,PERMISSION_ID) values (9521,37);
Insert into IBANK.ROLE_PERMISSION (ROLE_ID,PERMISSION_ID) values (9521,38);
Insert into IBANK.ROLE_PERMISSION (ROLE_ID,PERMISSION_ID) values (9521,39);
Insert into IBANK.ROLE_PERMISSION (ROLE_ID,PERMISSION_ID) values (9521,40);
Insert into IBANK.ROLE_PERMISSION (ROLE_ID,PERMISSION_ID) values (9521,41);
Insert into IBANK.ROLE_PERMISSION (ROLE_ID,PERMISSION_ID) values (9521,42);
Insert into IBANK.ROLE_PERMISSION (ROLE_ID,PERMISSION_ID) values (9521,43);
Insert into IBANK.ROLE_PERMISSION (ROLE_ID,PERMISSION_ID) values (9521,44);
Insert into IBANK.ROLE_PERMISSION (ROLE_ID,PERMISSION_ID) values (9521,45);
Insert into IBANK.ROLE_PERMISSION (ROLE_ID,PERMISSION_ID) values (9521,47);
Insert into IBANK.ROLE_PERMISSION (ROLE_ID,PERMISSION_ID) values (9521,48);
Insert into IBANK.ROLE_PERMISSION (ROLE_ID,PERMISSION_ID) values (9521,49);
Insert into IBANK.ROLE_PERMISSION (ROLE_ID,PERMISSION_ID) values (9521,50);
Insert into IBANK.ROLE_PERMISSION (ROLE_ID,PERMISSION_ID) values (9521,51);
Insert into IBANK.ROLE_PERMISSION (ROLE_ID,PERMISSION_ID) values (9521,52);
Insert into IBANK.ROLE_PERMISSION (ROLE_ID,PERMISSION_ID) values (9521,53);
Insert into IBANK.ROLE_PERMISSION (ROLE_ID,PERMISSION_ID) values (9521,54);
Insert into IBANK.ROLE_PERMISSION (ROLE_ID,PERMISSION_ID) values (9521,55);
Insert into IBANK.ROLE_PERMISSION (ROLE_ID,PERMISSION_ID) values (9521,56);
Insert into IBANK.ROLE_PERMISSION (ROLE_ID,PERMISSION_ID) values (9521,57);
Insert into IBANK.ROLE_PERMISSION (ROLE_ID,PERMISSION_ID) values (9521,58);
Insert into IBANK.ROLE_PERMISSION (ROLE_ID,PERMISSION_ID) values (9521,59);
Insert into IBANK.ROLE_PERMISSION (ROLE_ID,PERMISSION_ID) values (9521,60);
Insert into IBANK.ROLE_PERMISSION (ROLE_ID,PERMISSION_ID) values (9521,61);
Insert into IBANK.ROLE_PERMISSION (ROLE_ID,PERMISSION_ID) values (9521,62);
Insert into IBANK.ROLE_PERMISSION (ROLE_ID,PERMISSION_ID) values (9521,64);
Insert into IBANK.ROLE_PERMISSION (ROLE_ID,PERMISSION_ID) values (9521,65);
Insert into IBANK.ROLE_PERMISSION (ROLE_ID,PERMISSION_ID) values (9521,66);
Insert into IBANK.ROLE_PERMISSION (ROLE_ID,PERMISSION_ID) values (9521,67);
Insert into IBANK.ROLE_PERMISSION (ROLE_ID,PERMISSION_ID) values (9521,68);
Insert into IBANK.ROLE_PERMISSION (ROLE_ID,PERMISSION_ID) values (9521,69);
Insert into IBANK.ROLE_PERMISSION (ROLE_ID,PERMISSION_ID) values (9521,70);
Insert into IBANK.ROLE_PERMISSION (ROLE_ID,PERMISSION_ID) values (9521,71);
Insert into IBANK.ROLE_PERMISSION (ROLE_ID,PERMISSION_ID) values (9521,72);
Insert into IBANK.ROLE_PERMISSION (ROLE_ID,PERMISSION_ID) values (9521,73);
Insert into IBANK.ROLE_PERMISSION (ROLE_ID,PERMISSION_ID) values (9521,74);
Insert into IBANK.ROLE_PERMISSION (ROLE_ID,PERMISSION_ID) values (9521,75);
Insert into IBANK.ROLE_PERMISSION (ROLE_ID,PERMISSION_ID) values (9521,76);
Insert into IBANK.ROLE_PERMISSION (ROLE_ID,PERMISSION_ID) values (9521,77);
Insert into IBANK.ROLE_PERMISSION (ROLE_ID,PERMISSION_ID) values (9521,78);
Insert into IBANK.ROLE_PERMISSION (ROLE_ID,PERMISSION_ID) values (9521,79);
Insert into IBANK.ROLE_PERMISSION (ROLE_ID,PERMISSION_ID) values (9521,80);
Insert into IBANK.ROLE_PERMISSION (ROLE_ID,PERMISSION_ID) values (9521,81);
Insert into IBANK.ROLE_PERMISSION (ROLE_ID,PERMISSION_ID) values (9521,82);
Insert into IBANK.ROLE_PERMISSION (ROLE_ID,PERMISSION_ID) values (9521,83);
Insert into IBANK.ROLE_PERMISSION (ROLE_ID,PERMISSION_ID) values (9521,84);
Insert into IBANK.ROLE_PERMISSION (ROLE_ID,PERMISSION_ID) values (9521,85);
Insert into IBANK.ROLE_PERMISSION (ROLE_ID,PERMISSION_ID) values (9521,86);
Insert into IBANK.ROLE_PERMISSION (ROLE_ID,PERMISSION_ID) values (9521,87);
Insert into IBANK.ROLE_PERMISSION (ROLE_ID,PERMISSION_ID) values (9521,88);
Insert into IBANK.ROLE_PERMISSION (ROLE_ID,PERMISSION_ID) values (9521,89);
Insert into IBANK.ROLE_PERMISSION (ROLE_ID,PERMISSION_ID) values (9521,90);
Insert into IBANK.ROLE_PERMISSION (ROLE_ID,PERMISSION_ID) values (9521,91);
Insert into IBANK.ROLE_PERMISSION (ROLE_ID,PERMISSION_ID) values (9521,92);
Insert into IBANK.ROLE_PERMISSION (ROLE_ID,PERMISSION_ID) values (9521,93);
Insert into IBANK.ROLE_PERMISSION (ROLE_ID,PERMISSION_ID) values (9521,94);
Insert into IBANK.ROLE_PERMISSION (ROLE_ID,PERMISSION_ID) values (9521,95);
Insert into IBANK.ROLE_PERMISSION (ROLE_ID,PERMISSION_ID) values (9521,96);
Insert into IBANK.ROLE_PERMISSION (ROLE_ID,PERMISSION_ID) values (9521,97);
Insert into IBANK.ROLE_PERMISSION (ROLE_ID,PERMISSION_ID) values (9521,98);
Insert into IBANK.ROLE_PERMISSION (ROLE_ID,PERMISSION_ID) values (9521,99);
Insert into IBANK.ROLE_PERMISSION (ROLE_ID,PERMISSION_ID) values (9521,100);
Insert into IBANK.ROLE_PERMISSION (ROLE_ID,PERMISSION_ID) values (9521,101);
Insert into IBANK.ROLE_PERMISSION (ROLE_ID,PERMISSION_ID) values (9521,102);
Insert into IBANK.ROLE_PERMISSION (ROLE_ID,PERMISSION_ID) values (9521,104);
Insert into IBANK.ROLE_PERMISSION (ROLE_ID,PERMISSION_ID) values (9521,105);
Insert into IBANK.ROLE_PERMISSION (ROLE_ID,PERMISSION_ID) values (9521,106);
Insert into IBANK.ROLE_PERMISSION (ROLE_ID,PERMISSION_ID) values (9521,107);
Insert into IBANK.ROLE_PERMISSION (ROLE_ID,PERMISSION_ID) values (9521,108);
Insert into IBANK.ROLE_PERMISSION (ROLE_ID,PERMISSION_ID) values (9521,109);
Insert into IBANK.ROLE_PERMISSION (ROLE_ID,PERMISSION_ID) values (9521,110);
Insert into IBANK.ROLE_PERMISSION (ROLE_ID,PERMISSION_ID) values (9521,111);
Insert into IBANK.ROLE_PERMISSION (ROLE_ID,PERMISSION_ID) values (9521,112);
Insert into IBANK.ROLE_PERMISSION (ROLE_ID,PERMISSION_ID) values (9521,113);
Insert into IBANK.ROLE_PERMISSION (ROLE_ID,PERMISSION_ID) values (9521,114);
Insert into IBANK.ROLE_PERMISSION (ROLE_ID,PERMISSION_ID) values (9521,115);
Insert into IBANK.ROLE_PERMISSION (ROLE_ID,PERMISSION_ID) values (9521,116);
Insert into IBANK.ROLE_PERMISSION (ROLE_ID,PERMISSION_ID) values (9521,117);
Insert into IBANK.ROLE_PERMISSION (ROLE_ID,PERMISSION_ID) values (9521,118);
Insert into IBANK.ROLE_PERMISSION (ROLE_ID,PERMISSION_ID) values (9521,119);
Insert into IBANK.ROLE_PERMISSION (ROLE_ID,PERMISSION_ID) values (9521,120);
Insert into IBANK.ROLE_PERMISSION (ROLE_ID,PERMISSION_ID) values (9521,121);
Insert into IBANK.ROLE_PERMISSION (ROLE_ID,PERMISSION_ID) values (9521,122);
Insert into IBANK.ROLE_PERMISSION (ROLE_ID,PERMISSION_ID) values (9521,123);
Insert into IBANK.ROLE_PERMISSION (ROLE_ID,PERMISSION_ID) values (9521,124);
Insert into IBANK.ROLE_PERMISSION (ROLE_ID,PERMISSION_ID) values (9521,125);
Insert into IBANK.ROLE_PERMISSION (ROLE_ID,PERMISSION_ID) values (9521,126);
Insert into IBANK.ROLE_PERMISSION (ROLE_ID,PERMISSION_ID) values (9521,127);
Insert into IBANK.ROLE_PERMISSION (ROLE_ID,PERMISSION_ID) values (9521,128);
Insert into IBANK.ROLE_PERMISSION (ROLE_ID,PERMISSION_ID) values (9521,130);
Insert into IBANK.ROLE_PERMISSION (ROLE_ID,PERMISSION_ID) values (9521,131);
Insert into IBANK.ROLE_PERMISSION (ROLE_ID,PERMISSION_ID) values (9521,132);
Insert into IBANK.ROLE_PERMISSION (ROLE_ID,PERMISSION_ID) values (9521,133);
Insert into IBANK.ROLE_PERMISSION (ROLE_ID,PERMISSION_ID) values (9521,134);
Insert into IBANK.ROLE_PERMISSION (ROLE_ID,PERMISSION_ID) values (9521,136);
Insert into IBANK.ROLE_PERMISSION (ROLE_ID,PERMISSION_ID) values (9521,138);
Insert into IBANK.ROLE_PERMISSION (ROLE_ID,PERMISSION_ID) values (9521,140);
Insert into IBANK.ROLE_PERMISSION (ROLE_ID,PERMISSION_ID) values (9521,141);
Insert into IBANK.ROLE_PERMISSION (ROLE_ID,PERMISSION_ID) values (9521,142);
Insert into IBANK.ROLE_PERMISSION (ROLE_ID,PERMISSION_ID) values (9521,143);
Insert into IBANK.ROLE_PERMISSION (ROLE_ID,PERMISSION_ID) values (9521,144);
Insert into IBANK.ROLE_PERMISSION (ROLE_ID,PERMISSION_ID) values (9521,145);
Insert into IBANK.ROLE_PERMISSION (ROLE_ID,PERMISSION_ID) values (9521,146);
Insert into IBANK.ROLE_PERMISSION (ROLE_ID,PERMISSION_ID) values (9521,147);
Insert into IBANK.ROLE_PERMISSION (ROLE_ID,PERMISSION_ID) values (9521,148);
Insert into IBANK.ROLE_PERMISSION (ROLE_ID,PERMISSION_ID) values (9521,149);
Insert into IBANK.ROLE_PERMISSION (ROLE_ID,PERMISSION_ID) values (9521,150);
Insert into IBANK.ROLE_PERMISSION (ROLE_ID,PERMISSION_ID) values (9521,151);
Insert into IBANK.ROLE_PERMISSION (ROLE_ID,PERMISSION_ID) values (9521,152);
Insert into IBANK.ROLE_PERMISSION (ROLE_ID,PERMISSION_ID) values (9521,153);
Insert into IBANK.ROLE_PERMISSION (ROLE_ID,PERMISSION_ID) values (9521,154);
Insert into IBANK.ROLE_PERMISSION (ROLE_ID,PERMISSION_ID) values (9521,155);
Insert into IBANK.ROLE_PERMISSION (ROLE_ID,PERMISSION_ID) values (9521,156);
Insert into IBANK.ROLE_PERMISSION (ROLE_ID,PERMISSION_ID) values (9521,157);
Insert into IBANK.ROLE_PERMISSION (ROLE_ID,PERMISSION_ID) values (9521,158);
Insert into IBANK.ROLE_PERMISSION (ROLE_ID,PERMISSION_ID) values (9521,159);
Insert into IBANK.ROLE_PERMISSION (ROLE_ID,PERMISSION_ID) values (9521,160);
Insert into IBANK.ROLE_PERMISSION (ROLE_ID,PERMISSION_ID) values (9521,161);
Insert into IBANK.ROLE_PERMISSION (ROLE_ID,PERMISSION_ID) values (9521,162);
Insert into IBANK.ROLE_PERMISSION (ROLE_ID,PERMISSION_ID) values (9521,163);
Insert into IBANK.ROLE_PERMISSION (ROLE_ID,PERMISSION_ID) values (9521,164);
Insert into IBANK.ROLE_PERMISSION (ROLE_ID,PERMISSION_ID) values (9521,165);
Insert into IBANK.ROLE_PERMISSION (ROLE_ID,PERMISSION_ID) values (9521,166);
Insert into IBANK.ROLE_PERMISSION (ROLE_ID,PERMISSION_ID) values (9521,167);
Insert into IBANK.ROLE_PERMISSION (ROLE_ID,PERMISSION_ID) values (9521,168);
Insert into IBANK.ROLE_PERMISSION (ROLE_ID,PERMISSION_ID) values (9521,169);
Insert into IBANK.ROLE_PERMISSION (ROLE_ID,PERMISSION_ID) values (9521,170);
Insert into IBANK.ROLE_PERMISSION (ROLE_ID,PERMISSION_ID) values (9521,171);
Insert into IBANK.ROLE_PERMISSION (ROLE_ID,PERMISSION_ID) values (9521,172);
Insert into IBANK.ROLE_PERMISSION (ROLE_ID,PERMISSION_ID) values (9521,173);
Insert into IBANK.ROLE_PERMISSION (ROLE_ID,PERMISSION_ID) values (9521,174);
Insert into IBANK.ROLE_PERMISSION (ROLE_ID,PERMISSION_ID) values (9521,175);
Insert into IBANK.ROLE_PERMISSION (ROLE_ID,PERMISSION_ID) values (9521,176);
Insert into IBANK.ROLE_PERMISSION (ROLE_ID,PERMISSION_ID) values (9521,177);
Insert into IBANK.ROLE_PERMISSION (ROLE_ID,PERMISSION_ID) values (9521,178);
Insert into IBANK.ROLE_PERMISSION (ROLE_ID,PERMISSION_ID) values (9521,179);
Insert into IBANK.ROLE_PERMISSION (ROLE_ID,PERMISSION_ID) values (9521,180);
Insert into IBANK.ROLE_PERMISSION (ROLE_ID,PERMISSION_ID) values (9521,181);
Insert into IBANK.ROLE_PERMISSION (ROLE_ID,PERMISSION_ID) values (9521,182);
Insert into IBANK.ROLE_PERMISSION (ROLE_ID,PERMISSION_ID) values (9521,183);
Insert into IBANK.ROLE_PERMISSION (ROLE_ID,PERMISSION_ID) values (9521,184);
Insert into IBANK.ROLE_PERMISSION (ROLE_ID,PERMISSION_ID) values (9521,185);
Insert into IBANK.ROLE_PERMISSION (ROLE_ID,PERMISSION_ID) values (9521,186);
Insert into IBANK.ROLE_PERMISSION (ROLE_ID,PERMISSION_ID) values (9521,187);
Insert into IBANK.ROLE_PERMISSION (ROLE_ID,PERMISSION_ID) values (9521,188);
Insert into IBANK.ROLE_PERMISSION (ROLE_ID,PERMISSION_ID) values (9521,189);
Insert into IBANK.ROLE_PERMISSION (ROLE_ID,PERMISSION_ID) values (9521,190);
Insert into IBANK.ROLE_PERMISSION (ROLE_ID,PERMISSION_ID) values (9521,191);
Insert into IBANK.ROLE_PERMISSION (ROLE_ID,PERMISSION_ID) values (9521,432);
Insert into IBANK.ROLE_PERMISSION (ROLE_ID,PERMISSION_ID) values (9521,1296);
Insert into IBANK.ROLE_PERMISSION (ROLE_ID,PERMISSION_ID) values (9521,1299);
Insert into IBANK.ROLE_PERMISSION (ROLE_ID,PERMISSION_ID) values (9521,1302);
Insert into IBANK.ROLE_PERMISSION (ROLE_ID,PERMISSION_ID) values (9521,1305);
Insert into IBANK.ROLE_PERMISSION (ROLE_ID,PERMISSION_ID) values (9521,1308);
Insert into IBANK.ROLE_PERMISSION (ROLE_ID,PERMISSION_ID) values (9521,1311);
Insert into IBANK.ROLE_PERMISSION (ROLE_ID,PERMISSION_ID) values (9521,3087);
Insert into IBANK.ROLE_PERMISSION (ROLE_ID,PERMISSION_ID) values (9521,3090);
Insert into IBANK.ROLE_PERMISSION (ROLE_ID,PERMISSION_ID) values (9521,3093);
Insert into IBANK.ROLE_PERMISSION (ROLE_ID,PERMISSION_ID) values (9521,500);
Insert into IBANK.ROLE_PERMISSION (ROLE_ID,PERMISSION_ID) values (9521,2983);
Insert into IBANK.ROLE_PERMISSION (ROLE_ID,PERMISSION_ID) values (9521,2986);
Insert into IBANK.ROLE_PERMISSION (ROLE_ID,PERMISSION_ID) values (9521,2995);
Insert into IBANK.ROLE_PERMISSION (ROLE_ID,PERMISSION_ID) values (9521,2998);
Insert into IBANK.ROLE_PERMISSION (ROLE_ID,PERMISSION_ID) values (9521,3001);
Insert into IBANK.ROLE_PERMISSION (ROLE_ID,PERMISSION_ID) values (9521,3004);
Insert into IBANK.ROLE_PERMISSION (ROLE_ID,PERMISSION_ID) values (9521,3007);
Insert into IBANK.ROLE_PERMISSION (ROLE_ID,PERMISSION_ID) values (9521,3021);
Insert into IBANK.ROLE_PERMISSION (ROLE_ID,PERMISSION_ID) values (9521,3024);
Insert into IBANK.ROLE_PERMISSION (ROLE_ID,PERMISSION_ID) values (9521,3027);
Insert into IBANK.ROLE_PERMISSION (ROLE_ID,PERMISSION_ID) values (9521,3030);
Insert into IBANK.ROLE_PERMISSION (ROLE_ID,PERMISSION_ID) values (9521,3033);
Insert into IBANK.ROLE_PERMISSION (ROLE_ID,PERMISSION_ID) values (9521,1863);
Insert into IBANK.ROLE_PERMISSION (ROLE_ID,PERMISSION_ID) values (9521,3311);
Insert into IBANK.ROLE_PERMISSION (ROLE_ID,PERMISSION_ID) values (9521,3312);
Insert into IBANK.ROLE_PERMISSION (ROLE_ID,PERMISSION_ID) values (9521,3313);
Insert into IBANK.ROLE_PERMISSION (ROLE_ID,PERMISSION_ID) values (9521,3315);
Insert into IBANK.ROLE_PERMISSION (ROLE_ID,PERMISSION_ID) values (9521,3316);
Insert into IBANK.ROLE_PERMISSION (ROLE_ID,PERMISSION_ID) values (9521,3317);
Insert into IBANK.ROLE_PERMISSION (ROLE_ID,PERMISSION_ID) values (9521,3318);
Insert into IBANK.ROLE_PERMISSION (ROLE_ID,PERMISSION_ID) values (9521,3401);
Insert into IBANK.ROLE_PERMISSION (ROLE_ID,PERMISSION_ID) values (9522,3);
Insert into IBANK.ROLE_PERMISSION (ROLE_ID,PERMISSION_ID) values (9522,4);
Insert into IBANK.ROLE_PERMISSION (ROLE_ID,PERMISSION_ID) values (9522,5);
Insert into IBANK.ROLE_PERMISSION (ROLE_ID,PERMISSION_ID) values (9522,7);
Insert into IBANK.ROLE_PERMISSION (ROLE_ID,PERMISSION_ID) values (9522,8);
Insert into IBANK.ROLE_PERMISSION (ROLE_ID,PERMISSION_ID) values (9522,9);
Insert into IBANK.ROLE_PERMISSION (ROLE_ID,PERMISSION_ID) values (9522,10);
Insert into IBANK.ROLE_PERMISSION (ROLE_ID,PERMISSION_ID) values (9522,11);
Insert into IBANK.ROLE_PERMISSION (ROLE_ID,PERMISSION_ID) values (9522,13);
Insert into IBANK.ROLE_PERMISSION (ROLE_ID,PERMISSION_ID) values (9522,17);
Insert into IBANK.ROLE_PERMISSION (ROLE_ID,PERMISSION_ID) values (9522,18);
Insert into IBANK.ROLE_PERMISSION (ROLE_ID,PERMISSION_ID) values (9522,19);
Insert into IBANK.ROLE_PERMISSION (ROLE_ID,PERMISSION_ID) values (9522,20);
Insert into IBANK.ROLE_PERMISSION (ROLE_ID,PERMISSION_ID) values (9522,21);
Insert into IBANK.ROLE_PERMISSION (ROLE_ID,PERMISSION_ID) values (9522,22);
Insert into IBANK.ROLE_PERMISSION (ROLE_ID,PERMISSION_ID) values (9522,24);
Insert into IBANK.ROLE_PERMISSION (ROLE_ID,PERMISSION_ID) values (9522,25);
Insert into IBANK.ROLE_PERMISSION (ROLE_ID,PERMISSION_ID) values (9522,26);
Insert into IBANK.ROLE_PERMISSION (ROLE_ID,PERMISSION_ID) values (9522,96);
Insert into IBANK.ROLE_PERMISSION (ROLE_ID,PERMISSION_ID) values (9522,97);
Insert into IBANK.ROLE_PERMISSION (ROLE_ID,PERMISSION_ID) values (9522,102);
Insert into IBANK.ROLE_PERMISSION (ROLE_ID,PERMISSION_ID) values (9522,107);
Insert into IBANK.ROLE_PERMISSION (ROLE_ID,PERMISSION_ID) values (9522,108);
Insert into IBANK.ROLE_PERMISSION (ROLE_ID,PERMISSION_ID) values (9522,109);
Insert into IBANK.ROLE_PERMISSION (ROLE_ID,PERMISSION_ID) values (9522,157);
Insert into IBANK.ROLE_PERMISSION (ROLE_ID,PERMISSION_ID) values (9522,159);
Insert into IBANK.ROLE_PERMISSION (ROLE_ID,PERMISSION_ID) values (9522,169);
Insert into IBANK.ROLE_PERMISSION (ROLE_ID,PERMISSION_ID) values (9522,170);
Insert into IBANK.ROLE_PERMISSION (ROLE_ID,PERMISSION_ID) values (9522,177);
Insert into IBANK.ROLE_PERMISSION (ROLE_ID,PERMISSION_ID) values (9522,178);
Insert into IBANK.ROLE_PERMISSION (ROLE_ID,PERMISSION_ID) values (9522,182);
Insert into IBANK.ROLE_PERMISSION (ROLE_ID,PERMISSION_ID) values (9522,189);
Insert into IBANK.ROLE_PERMISSION (ROLE_ID,PERMISSION_ID) values (9522,101);
Insert into IBANK.ROLE_PERMISSION (ROLE_ID,PERMISSION_ID) values (9522,190);
Insert into IBANK.ROLE_PERMISSION (ROLE_ID,PERMISSION_ID) values (9523,2901);

Insert into IBANK.SETTING (ID,DEL_FLAG,DELETED_ON,VERSION,DESCRIPTION,ENABLED,NAME,TYPE,VALUE,MODIFIED_BY_ID) values (3434,'N',null,0,'The organization''s Internet domain name',1,'INTERNET_DOMAIN_NAME','Organization','coronationmb.com',null);
Insert into IBANK.SETTING (ID,DEL_FLAG,DELETED_ON,VERSION,DESCRIPTION,ENABLED,NAME,TYPE,VALUE,MODIFIED_BY_ID) values (1111,'N',null,0,'Whether to validate that Admin or Ops user is created with a corporate email',0,'VALIDATE_CORPORATE_EMAIL','Organization','Yes',null);
Insert into IBANK.SETTING (ID,DEL_FLAG,DELETED_ON,VERSION,DESCRIPTION,ENABLED,NAME,TYPE,VALUE,MODIFIED_BY_ID) values (3599,'N',null,1,'Default retail user entrust group',1,'DEF_ENTRUST_RET_GRP','Entrust','Retail_Group',null);
Insert into IBANK.SETTING (ID,DEL_FLAG,DELETED_ON,VERSION,DESCRIPTION,ENABLED,NAME,TYPE,VALUE,MODIFIED_BY_ID) values (3602,'N',null,0,'Default Corporate Entrust Group',1,'DEF_ENTRUST_CORP_GRP','Entrust','Corporate_Group',null);
Insert into IBANK.SETTING (ID,DEL_FLAG,DELETED_ON,VERSION,DESCRIPTION,ENABLED,NAME,TYPE,VALUE,MODIFIED_BY_ID) values (3607,'N',null,0,'Default Operations Entrust Group',1,'DEF_ENTRUST_OPS_GRP','Entrust','Coronation Group',null);
Insert into IBANK.SETTING (ID,DEL_FLAG,DELETED_ON,VERSION,DESCRIPTION,ENABLED,NAME,TYPE,VALUE,MODIFIED_BY_ID) values (3610,'N',null,0,'Default Admin Entrust Group',1,'DEF_ENTRUST_ADM_GRP','Entrust','Coronation Group',null);
Insert into IBANK.SETTING (ID,DEL_FLAG,DELETED_ON,VERSION,DESCRIPTION,ENABLED,NAME,TYPE,VALUE,MODIFIED_BY_ID) values (5001,'N',null,6,'Start the batch job',1,'ENABLE_CRON_JOB','Transaction History','Yes',null);
Insert into IBANK.SETTING (ID,DEL_FLAG,DELETED_ON,VERSION,DESCRIPTION,ENABLED,NAME,TYPE,VALUE,MODIFIED_BY_ID) values (124,'N',null,0,'Role for retail users at creation',1,'DEFAULT_RETAIL_ROLE','Access','RETAIL',null);
Insert into IBANK.SETTING (ID,DEL_FLAG,DELETED_ON,VERSION,DESCRIPTION,ENABLED,NAME,TYPE,VALUE,MODIFIED_BY_ID) values (4413,'N',null,3,'Allow a failed transfer to be tried again',1,'RETRY_FAILED_TRANSFER','Transfer','Yes',null);
Insert into IBANK.SETTING (ID,DEL_FLAG,DELETED_ON,VERSION,DESCRIPTION,ENABLED,NAME,TYPE,VALUE,MODIFIED_BY_ID) values (114,'N',null,1,'Enable login alerts',1,'LOGIN_ALERT','Login','YES',null);
Insert into IBANK.SETTING (ID,DEL_FLAG,DELETED_ON,VERSION,DESCRIPTION,ENABLED,NAME,TYPE,VALUE,MODIFIED_BY_ID) values (115,'N',null,0,'Accounts that cannot be deleted',1,'ACCOUNT_FOR_DEBIT','Account','SBA,ODA,CAA',null);
Insert into IBANK.SETTING (ID,DEL_FLAG,DELETED_ON,VERSION,DESCRIPTION,ENABLED,NAME,TYPE,VALUE,MODIFIED_BY_ID) values (1,'N',null,3,'The Range of IP addresses required for Admin Access',1,'ADMIN_IP_WHITELIST','Admin Policy','192.168.160.80/24,10.30.10.0/24,10.20.10.0/24,10.40.10.0/24,10.10.10.0/23,132.10.200.0/24,172.31.25.0/24',null);
Insert into IBANK.SETTING (ID,DEL_FLAG,DELETED_ON,VERSION,DESCRIPTION,ENABLED,NAME,TYPE,VALUE,MODIFIED_BY_ID) values (101,'N',null,11,'Number of password changes before a password can be reused',1,'PASSWORD_REUSE','Password Policy','3',null);
Insert into IBANK.SETTING (ID,DEL_FLAG,DELETED_ON,VERSION,DESCRIPTION,ENABLED,NAME,TYPE,VALUE,MODIFIED_BY_ID) values (102,'N',null,7,'The number of days before the system prompts the user to change password',1,'PASSWORD_AUTO_RESET','Password Policy','1',null);
Insert into IBANK.SETTING (ID,DEL_FLAG,DELETED_ON,VERSION,DESCRIPTION,ENABLED,NAME,TYPE,VALUE,MODIFIED_BY_ID) values (103,'N',null,14,'The time in minutes before a user is automatically logged out',1,'SESSION_TIMEOUT','Session ','120',null);
Insert into IBANK.SETTING (ID,DEL_FLAG,DELETED_ON,VERSION,DESCRIPTION,ENABLED,NAME,TYPE,VALUE,MODIFIED_BY_ID) values (104,'N',null,8,'The time in minutes during which a user will wait to retry login after maximum failed login attempts',1,'LOCK_OUT_DURATION','Login','5',null);
Insert into IBANK.SETTING (ID,DEL_FLAG,DELETED_ON,VERSION,DESCRIPTION,ENABLED,NAME,TYPE,VALUE,MODIFIED_BY_ID) values (105,'N',null,5,'The number of times a login attempt fails before the system blocks further login',1,'MAX_FAILED_LOGIN_TRIALS','Login','3',null);
Insert into IBANK.SETTING (ID,DEL_FLAG,DELETED_ON,VERSION,DESCRIPTION,ENABLED,NAME,TYPE,VALUE,MODIFIED_BY_ID) values (107,'N',null,7,'Whether to enable Two-Factor authentication for Operations users',1,'ENABLE_OPS_2FA','Authentication','YES',null);
Insert into IBANK.SETTING (ID,DEL_FLAG,DELETED_ON,VERSION,DESCRIPTION,ENABLED,NAME,TYPE,VALUE,MODIFIED_BY_ID) values (108,'N',null,2,'Whether to create users on Entrust',1,'ENABLE_ENTRUST_CREATION','Authentication','YES',null);
Insert into IBANK.SETTING (ID,DEL_FLAG,DELETED_ON,VERSION,DESCRIPTION,ENABLED,NAME,TYPE,VALUE,MODIFIED_BY_ID) values (109,'N',null,0,'Whether to delete users on Entrust',1,'ENABLE_ENTRUST_DELETION','Authentication','YES',null);
Insert into IBANK.SETTING (ID,DEL_FLAG,DELETED_ON,VERSION,DESCRIPTION,ENABLED,NAME,TYPE,VALUE,MODIFIED_BY_ID) values (110,'N',null,14,'Whether to enable Two-Factor authentication for Admin users',0,'ENABLE_ADMIN_2FA','Authentication','Yes',null);
Insert into IBANK.SETTING (ID,DEL_FLAG,DELETED_ON,VERSION,DESCRIPTION,ENABLED,NAME,TYPE,VALUE,MODIFIED_BY_ID) values (94,'N',null,6,'Customer care Email address',1,'CUSTOMER_CARE_EMAIL','Customer Care','sakinola@coronationmb.com',null);
Insert into IBANK.SETTING (ID,DEL_FLAG,DELETED_ON,VERSION,DESCRIPTION,ENABLED,NAME,TYPE,VALUE,MODIFIED_BY_ID) values (113,'N',null,0,'Whether to validate a transfer agianst the account balance',1,'ACCOUNT_BALANCE_VALIDATION','Account','YES',null);
Insert into IBANK.SETTING (ID,DEL_FLAG,DELETED_ON,VERSION,DESCRIPTION,ENABLED,NAME,TYPE,VALUE,MODIFIED_BY_ID) values (111,'N',null,11,'Whether to enable Two-Factor authentication for Retail users',1,'ENABLE_RETAIL_2FA','Authentication','YES',null);
Insert into IBANK.SETTING (ID,DEL_FLAG,DELETED_ON,VERSION,DESCRIPTION,ENABLED,NAME,TYPE,VALUE,MODIFIED_BY_ID) values (112,'N',null,8,'Whether to enable Two-Factor authentication for Corporate users',1,'ENABLE_CORPORATE_2FA','Authentication','YES',null);
Insert into IBANK.SETTING (ID,DEL_FLAG,DELETED_ON,VERSION,DESCRIPTION,ENABLED,NAME,TYPE,VALUE,MODIFIED_BY_ID) values (3203,'N',null,1,'Minimum number of authorizer levels required to for a transaction rule',1,'MIN_AUTHORIZER_LEVEL','Corporate','1',null);
Insert into IBANK.SETTING (ID,DEL_FLAG,DELETED_ON,VERSION,DESCRIPTION,ENABLED,NAME,TYPE,VALUE,MODIFIED_BY_ID) values (89,'N',null,7,'Minimum length of passsword required',1,'PASSWORD_MIN_LENGTH','Password Policy','8',null);
Insert into IBANK.SETTING (ID,DEL_FLAG,DELETED_ON,VERSION,DESCRIPTION,ENABLED,NAME,TYPE,VALUE,MODIFIED_BY_ID) values (90,'N',null,4,'Special characters allowed in password',1,'PASSWORD_SPECIAL_CHARS','Password Policy','@#$&!+%',null);
Insert into IBANK.SETTING (ID,DEL_FLAG,DELETED_ON,VERSION,DESCRIPTION,ENABLED,NAME,TYPE,VALUE,MODIFIED_BY_ID) values (91,'N',null,3,'Minimum number of digits required in password',1,'PASSWORD_NUM_DIGITS','Password Policy','1',null);
Insert into IBANK.SETTING (ID,DEL_FLAG,DELETED_ON,VERSION,DESCRIPTION,ENABLED,NAME,TYPE,VALUE,MODIFIED_BY_ID) values (92,'N',null,13,'The validity days of a new password entered by the user ',1,'PASSWORD_EXPIRY','Password Policy','60',null);
Insert into IBANK.SETTING (ID,DEL_FLAG,DELETED_ON,VERSION,DESCRIPTION,ENABLED,NAME,TYPE,VALUE,MODIFIED_BY_ID) values (93,'N',null,2,'Number of special characters required',1,'PASSWORD_NUM_SPECIAL_CHARS','Password Policy','1',null);
Insert into IBANK.SETTING (ID,DEL_FLAG,DELETED_ON,VERSION,DESCRIPTION,ENABLED,NAME,TYPE,VALUE,MODIFIED_BY_ID) values (4000,'N',null,0,'Default role for corporate user',1,'SOLE_CORPORATE_ROLE','Access','Default Corporate',null);
Insert into IBANK.SETTING (ID,DEL_FLAG,DELETED_ON,VERSION,DESCRIPTION,ENABLED,NAME,TYPE,VALUE,MODIFIED_BY_ID) values (1931,'N',null,0,'Whether to enable unique accounts on creation of corporate entities',1,'ENABLE_UNIQUE_ACCOUNTS','Account',null,null);
Insert into IBANK.SETTING (ID,DEL_FLAG,DELETED_ON,VERSION,DESCRIPTION,ENABLED,NAME,TYPE,VALUE,MODIFIED_BY_ID) values (50001,'N',null,0,'Transactional Accounts',1,'TRANSACTIONAL_ACCOUNTS','Account','SBA,ODA,CAA',null);
Insert into IBANK.SETTING (ID,DEL_FLAG,DELETED_ON,VERSION,DESCRIPTION,ENABLED,NAME,TYPE,VALUE,MODIFIED_BY_ID) values (5000,'N',null,9,'Set Transaction History Date Range Limit',1,'TRANS_HISTORY_RANGE','Transaction History','30',null);


Insert into IBANK.SRCONFIG (ID,DEL_FLAG,DELETED_ON,VERSION,AUTHENTICATE,GROUP_ID,REQUEST_NAME,REQUEST_TYPE) values (9541,'N',null,1,0,null,'Report Issue','COMPL');

Insert into IBANK.SERVICE_REQ_FORM_FIELD (ID,DEL_FLAG,DELETED_ON,VERSION,FIELD_LABEL,FIELD_NAME,FIELD_TYPE,TYPE_DATA,SRCONFIG_ID) values (9542,'N',null,1,'Subject','subject','TEXT',null,9541);
Insert into IBANK.SERVICE_REQ_FORM_FIELD (ID,DEL_FLAG,DELETED_ON,VERSION,FIELD_LABEL,FIELD_NAME,FIELD_TYPE,TYPE_DATA,SRCONFIG_ID) values (9543,'N',null,1,'Category','category','LIST','Internet Banking',9541);
Insert into IBANK.SERVICE_REQ_FORM_FIELD (ID,DEL_FLAG,DELETED_ON,VERSION,FIELD_LABEL,FIELD_NAME,FIELD_TYPE,TYPE_DATA,SRCONFIG_ID) values (9544,'N',null,0,'Content','content','TEXTAREA',null,9541);


Insert into IBANK.SRCONFIG_FORM_FIELDS (SRCONFIG_ID,FORM_FIELDS_ID) values (9541,9542);
Insert into IBANK.SRCONFIG_FORM_FIELDS (SRCONFIG_ID,FORM_FIELDS_ID) values (9541,9543);
Insert into IBANK.SRCONFIG_FORM_FIELDS (SRCONFIG_ID,FORM_FIELDS_ID) values (9541,9544);

Insert into IBANK.ADMIN_USER (ID,DEL_FLAG,DELETED_ON,VERSION,CREATED_ON_DATE,EMAIL,ENTRUST_GROUP,ENTRUST_ID,EXPIRY_DATE,FIRST_NAME,LAST_LOGIN_DATE,LAST_NAME,LOCKED_UNTIL_DATE,NO_OF_LOGIN_ATTEMPTS,NO_OF_TOKEN_ATTEMPTS,PASSWORD,PHONE_NUMBER,STATUS,USER_NAME,USER_TYPE,AUTHENTICATE_METHOD,ALERT_PREFERENCE_ID,ROLE_ID) values (1,'N',null,1,null,'sakinola@coronationmb.com','','',to_timestamp('04-NOV-17 07.14.33.648000000 AM','DD-MON-RR HH.MI.SSXFF AM'),'Admin',to_timestamp('03-OCT-17 01.49.26.250500000 PM','DD-MON-RR HH.MI.SSXFF AM'),'User',null,0,0,'$2a$10$wJ.ljsHAlYJ0/sHwuTXoF.XdhDcLM3iBEjaSKTBb9f4o7t1LXWBVC','07068376801','A','admin',0,null,null,1);
